Identifiant station;Nom de la station;Capacité de la station;Coordonnées géographiques
7003;Square Boucicaut;60;48.8512964337,2.32506182045
7002;Vaneau - Sèvres;35;48.8485632331,2.32042182593
14108;Le Brix et Mesmin - Jourdan;21;48.8223409659,2.3278616533
31024;Romainville - Vaillant-Couturier;38;48.86785,2.446748
19033;Cambrai - Benjamin Constant;43;48.8959473685,2.38113380225
16118;Michel-Ange - Parent de Rosan;26;48.8405799237,2.25841194391
9001;Bellefond - Poissonnière;17;48.8775989705,2.34846375883
12031;Gabriel Lamé;36;48.8351212784,2.38553456962
31706;Château - République;26;48.8629238006,2.4155035615
45003;11 Novembre 1918 - 8 Mai 1945;36;48.8088953377,2.53824211657
41302;Charles de Gaulle - Beauté;49;48.8364960231,2.47956265115
15056;Place Balard;22;48.8363957364,2.27841921151
5004;Saint-Jacques - Val de Grâce;20;48.8417514,2.3413893
42021;Raspail - Manufacture des Oeillets;32;48.8094458,2.3903009
9014;Faubourg Montmartre - La Fayette;35;48.8752545491,2.3408536613
5012;Estrapade - Ulm;16;48.8451277283,2.34545681704
21701;Larmeroux - Baudelaire;30;48.8169399113,2.28098948048
7102;Mairie du 7ème;27;48.8577967,2.3192664
11004;Charonne - Faubourg Saint-Antoine;34;48.8521919097,2.37409327179
18201;Tristan Tzara -  Tchaïkovski;33;48.8949022175,2.36484903842
11009;Boulets - Voltaire;24;48.8521870562,2.38903015852
42029;Stalingrad - Germaine Tailleferre;28;48.8025720048,2.37866912037
6013;Jacques Callot - Mazarine;28;48.8552801753,2.3375743255
17045;Place des Ternes;46;48.8784386312,2.29772776365
41102;Gare de Laplace;43;48.8089319911,2.33494609594
14034;Ouest - Château;23;48.8361728601,2.31939214392
12029;Dugommier;55;48.8388110488,2.38965779543
5119;Jussieu - Guy de la Brosse;40;48.845665,2.355653
14104;Boyer-Barret - Raymond Losserand;23;48.8332988023,2.31733839959
20113;Piat - Parc de Belleville;21;48.8719562664,2.38498139028
15017;Place Falguière;23;48.8362997394,2.31044646353
11041;Square Saint-Ambroise;43;48.860934,2.375841
19038;Lassus - Delouvain;20;48.8755044846,2.38903273255
20118;Orteaux - Mouraud;24;48.8555864285,2.40876290776
18043;Clichy - Place Blanche;20;48.8836010883,2.33322378248
42703;Fontainebleau - Edmond Michelet;45;48.8095643684,2.36269086599
10114;Granges aux Belles - Hôpital Saint-Louis;60;48.8747949948,2.36666943698
8026;Messine - Place Du Pérou;12;48.875448034,2.31550801901
4013;Vieille du Temple - Francs Bourgeois;29;48.8582564134,2.35821794719
13114;Nationale - Marcel Duchamp;23;48.8246374934,2.36780148
14007;Ferrus - Saint-Jacques;34;48.8313878,2.3408563
19030;Melun - Jean Jaurès;28;48.8837796723,2.37647742033
18035;René Binet - Porte de Montmartre;37;48.8990510995,2.3365534097
10039;Sambre et Meuse - Villette;25;48.8744056662,2.373807238
33104;Square Edmond Pépin;30;48.8836562069,2.40335315466
13010;Place d'Italie - Vincent Auriol;40;48.8314818745,2.35675502923
10152;Gare du Nord - Place de Valenciennes;25;48.879089,2.354235
16009;Saint-Didier - Raymond Poincaré;17;48.8664231202,2.28586349719
21213;Vanne - Général de Gaulle;25;48.815007,2.328318
8020;Batignolles - Beudant;44;48.8821640147,2.31985297054
15023;La Motte-Picquet - Grenelle;34;48.8485832134,2.2993478179
22501;Théâtre;20;48.9057683093,2.23539210223
17003;Jacques Kellner - Saint-Ouen;45;48.8958094858,2.32789740916
9114;Faubourg Poissonnière - Dunkerque;30;48.8808834454,2.34993427992
15022;Emile Zola - Fondary;42;48.8470511431,2.29534059763
27005;Gare du Stade;20;48.9312676,2.2603778
12026;Place Ginette Hamelin;51;48.837853,2.382064
21314;Chemin de Bretagne;29;48.825147,2.25936
22201;Henri Ravera - Gabriel Péri;30;48.7972227383,2.3021158576
22301;Chausson - Gabriel Péri;22;48.9218910035,2.29523062706
15132;Bargue -  Dutot;21;48.837884,2.308876
16103;Traktir - Foch;22;48.8727553346,2.29154978025
2003;Saint-Denis - Réaumur;32;48.8661116316,2.35077906755
1102;Française - Etienne Marcel;37;48.8640533047,2.34758701175
21507;Gardenat-Lapostol - Velettes;20;48.87387,2.224185
14023;Adolphe Pinard - Victor Hugo;52;48.8236825875,2.30778437108
14133;Froidevaux - Boulard;35;48.8351473196,2.32944119722
4017;Place de l'Hôtel de Ville;14;48.8573314,2.351458
2016;Aboukir - Alexandrie;21;48.8686834444,2.35020432695
12164;Stade Pershing;26;48.8291078269,2.45835352689
1013;Place du Palais Royal;67;48.8623829706,2.33848225325
13028;Gouthière - Poterne des Peupliers;33;48.820507,2.351342
19119;Edouard Pailleron - Bouret;27;48.8805976941,2.37694948912
14005;René Coty - Place Denfert-Rochereau;36;48.8330564773,2.3329411447
43004;Montreuil - République;25;48.8502634946,2.43452042341
13055;M.- A. Lagroua Weill-Hallé -  F. Dolto;60;48.8285952839,2.38022060627
22014;Victor Hugo - Bineau;25;48.8875822589,2.27838903666
19123;Metz - Marne;33;48.891163,2.3865705
10013;Alibert - Jemmapes;60;48.871044052,2.36610446199
17025;Chazelles - Courcelles;35;48.879406605,2.30344556272
8050;Boétie - Ponthieu;33;48.8714172844,2.3076787591
14002;Edgar Quinet - Raspail;46;48.8394026667,2.32971478254
14020;Cimetière de Montrouge;58;48.822009,2.322188699
31102;Boissière - Etienne Dolet;21;48.876111,2.4677312
5123;Saint-Germain - Thenard;31;48.850571,2.3471015
23009;Anatole France - Louise Michel;50;48.8887321493,2.28815764189
16124;Route de Sèvres - Porte de Bagatelle;66;48.8752598413,2.24941581488
92003;Chanzy - Sud-Est;25;48.8889120377,2.19563215971
14001;Edgar Quinet - Gaité;27;48.841160929,2.32459545135
20136;Henri Chevreau - Couronnes;27;48.8703320531,2.3887776956
11101;Charles Delescluze;49;48.8524220085,2.38063249737
14130;Jonquoy - Didot;31;48.8289045482,2.31648076326
13043;Dunois - Clisson;51;48.832294,2.3674523
11020;Belfort - Voltaire;39;48.8563358,2.3829901
9023;Laffitte - Italiens;33;48.8718157374,2.33720154785
15002;Maine - Antoine Bourdelle;17;48.8430853175,2.32026394678
20030;Ménilmontant - Père Lachaise;56;48.8632872915,2.3869940266
15058;Place du Moulin de Javel;45;48.8402167092,2.27160606533
21024;Billancourt - Général Leclerc;22;48.8322649,2.2380413
4101;Bastille - Beaumarchais;23;48.8538334639,2.36857026815
10163;Gare du Nord - Demarquay;30;48.881154,2.358411
8105;François 1er - Lincoln;31;48.8695179793,2.30242621884
11012;Montreuil - Voltaire;34;48.8505070118,2.39307555827
17005;Brochant - Clichy;53;48.8903299891,2.31973055993
21951;Place Centrale;22;48.7874016769,2.2278830409
44103;Pont De Charenton;18;48.8179685,2.4199531
16014;Eylau - Trocadéro;24;48.8633541224,2.28642091155
21203;Place Jules Ferry;28;48.8121079284,2.32583731413
15052;Convention - Vaugirard;48;48.8376768223,2.29558692602
13128;Quai de la Gare - Pont de Bercy;0;48.8373078797,2.37408612606
14010;Jean Moulin - Place Victor et Hélène Basch;41;48.8276491024,2.32619673014
43001;Paris - Laitières;22;48.8463027415,2.42075532675
22408;Place du 14 Juillet;22;48.8192669595,2.30119988322
22015;Île de la Jatte;23;48.8940361613,2.26663392037
18030;Joseph Dijon - Ornano;37;48.8937445335,2.3476678133
4010;Saint-Antoine Sévigné;26;48.8550222,2.3612322
20044;Davout - Volga;28;48.85291968,2.41052290978
15001;Gare Montparnasse - Arrivée;43;48.8438279943,2.32258111238
10038;Place du Colonel Fabien;27;48.8775683209,2.36987918615
14135;Jourdan - Cité Universitaire;39;48.8198973432,2.33970079641
41405;Place de l'Europe;24;48.7891370241,2.42848008871
13125;Gare d'Austerlitz - Pont Charles de Gaulle;55;48.8423198301,2.36703000963
2012;Choiseul - Quatre Septembre;44;48.8699355332,2.33599752188
4015;Mairie du 4ème;44;48.8559499105,2.35638231039
3007;Archives - Pastourelle;28;48.8623615,2.3595041
2022;Saint-Fiacre - Poissonière;35;48.8708289116,2.34592135996
5027;Gobelins - Port-Royal;40;48.8371359003,2.351520136
12119;Dom-Pérignon - Gravelle;50;48.8254815744,2.4098803103
48006;Maxime Gorki - Paul Vaillant-Couturier;20;48.796735088,2.36833423376
10003;Hauteville - Bonne Nouvelle;17;48.8707743602,2.34964963683
17117;Pereire - Saussure;32;48.8882290755,2.31012962759
11028;Guillaume Bertrand - République;38;48.8638251743,2.38090637715
17038;Grande Armée - Brunel;62;48.876116,2.288124
47007;Liberté - Vert-de-Maisons;20;48.7901478096,2.43286281824
8053;Place Georges Guillaumin;29;48.874750204,2.30177143533
1122;Pont-Neuf - Quai du Louvre;30;48.8582958983,2.34237145633
33017;Anatole France - President Roosevelt;29;48.9155156,2.3814103
41209;Cimetière;15;48.8470617336,2.47878223658
44006;Concorde - Stalingrad;35;48.7985844,2.3821302
19120;Carducci - Place Hannah Arendt;27;48.8774366815,2.38607436419
10024;Buisson Saint-Louis - Saint-Maur;19;48.8717468493,2.37225283288
15110;Place Robert Guillemard;24;48.8361917281,2.28112671601
14136;Auguste Cain - Jean Moulin;40;48.8257702893,2.32104152441
10014;Marseille - Beaurepaire;55;48.871624307,2.36392650827
46001;Place Paul Eluard;19;48.7672039733,2.41449773312
21301;Saint-Vincent - Verdun;34;48.8192115492,2.25400775671
12009;Charenton - Diderot;18;48.8461714612,2.37930681556
12027;Montgallet - Charenton;16;48.8426477787,2.38616492781
22505;Mairie de La Garenne Colombes;22;48.9066382347,2.24679596722
13045;Jean Colly - Tolbiac;36;48.8278172916,2.37054906785
7009;Assemblée Nationale;63;48.8614110147,2.32012141852
21109;Guichet - Jean Jaurès;28;48.9051698681,2.3023840785
8012;Batignolles - Place de Clichy;47;48.8834745358,2.32649311423
15038;Place Adolphe Cherioux - Vaugirard;63;48.839594428,2.30106577277
22005;Charles de Gaulle - Madrid;22;48.8844322704,2.26080447435
16021;François Ponsard - La Muette;23;48.8583666,2.2744515
31027;Place de la République;28;48.852988,2.42467
21001;Transvaal - Charles de Gaulle;27;48.8482804036,2.23734201209
8019;Naples - Rome;26;48.8799607008,2.32135869563
4110;Neuve Saint-Pierre - Beautreillis;20;48.8535535144,2.36391227692
17022;Pereire - Place de Wagram;46;48.8870706076,2.30411112453
7020;Champ de Mars - Cler;41;48.8566915501,2.30664677918
21311;Parvis Corentin Celton;55;48.8274725252,2.278431952
14006;Saint-Jacques - Tombe Issoire;24;48.8332063305,2.33691081405
4011;Hôtel de Ville - Pont-Marie;36;48.8538996455,2.35694725066
17016;Brochant - Square des Batignolles;31;48.8881869858,2.31686114315
19031;Manin - Crimée;23;48.8831217744,2.38636706024
31018;Gambetta - Michelet;33;48.8527379238,2.42996603251
2110;Jeûneurs - Mulhouse;28;48.868997,2.346925
20103;Le Vau - Maurice Bertaux;25;48.8680343904,2.41103061245
22401;Charles de Gaulle - Plateau de Vanves;33;48.8223308897,2.29857180341
18142;Jessaint - Marx Dormoy;30;48.8848454311,2.35893040895
21017;Place Marcel Sembat;56;48.8332886503,2.24417477846
48009;République - Auguste Perret;30;48.7869528095,2.35185943544
31026;Demi-Lune - Aristide Briand;20;48.8762638192,2.4562818557
19025;Botzaris - Crimée;21;48.8795969869,2.38879133375
20039;Belleville - Couronnes;50;48.8688310829,2.38098621368
17039;Place Saint-Ferdinand;38;48.8781552979,2.28851804786
42003;Place de l'Insurrection d'Août 1944;30;48.8147785275,2.39807456732
10018;Square Alban Satragne;30;48.8753405484,2.35588476062
16030;Place de Barcelone - Mirabeau;55;48.8476230274,2.27356642485
8549;George V - Christophe Colomb;24;48.87046,2.30104
16020;Place de la Porte de Passy;36;48.8573410955,2.26441655388
11021;Charonne - Pierre Bayle;23;48.8584450543,2.39039812239
42209;Place de l'Europe;17;48.8252985884,2.39456791431
8037;Monceau - Malesherbes;38;48.8795079,2.3145456
27004;Gare de la Garenne-Colombes;28;48.909752,2.239145
44009;Gare RER les Ardoines;49;48.7838563635,2.40790937175
17108;Bessières - Porte de Clichy;33;48.8961176245,2.31790903956
1021;Halles - Bourdonnais;20;48.8604489926,2.3460162431
9006;Dunkerque - Trudaine;16;48.8821516677,2.34632536769
31005;Square Denise Buisson;45;48.8562322731,2.42643624544
15039;Abbé Groult - Convention;12;48.8359692787,2.30206403951
8116;Champs-Elysees - Bassano;25;48.8718118078,2.30023898184
9007;Condorcet - Turgot;20;48.8798515579,2.34523236752
33103;Jean Jaurès - Jules Jacquemin;24;48.884330536,2.40829024552
15008;Sèvres - Lecourbe;62;48.8447677,2.3110086
1006;Grande Truanderie - Saint-Denis;33;48.8626302,2.3498075
16013;Mairie du 16ème;35;48.8639368485,2.27659530938
6104;Herschel - Observatoire;37;48.8434237622,2.33766451478
4007;Place de la Bastille - Bourdon;35;48.8523643553,2.3681089282
9019;Victor Massé - Jean-Baptiste Pigalle;0;48.8811043724,2.33669556677
2102;Saint-Marc - Feydeau;37;48.8703106614,2.34197918326
18047;St-Ouen - Lamarck;45;48.8910830403,2.32673569484
18021;Marcadet - Ramey;21;48.890875,2.3449019
20013;Alexandre Dumas - Place de la Réunion;45;48.8553371074,2.39977036876
11018;Saint-Maur - République;38;48.8641858615,2.37831741571
12039;Général Michel Bizot - Claude Decaen;38;48.8348126298,2.40092778813
21216;Louis Lejeune - Barbès;25;48.8180741898,2.32670098543
19027;Serrurier;18;48.8804934032,2.39806417376
13030;Italie - Tolbiac;21;48.8255722946,2.35761713237
9035;Gare Saint-Lazare - Place de Budapest;44;48.877753,2.327339
18107;Chartres - La Charbonnière;34;48.8847601,2.3534657
20037;Gambetta - Saint Fargeau;24;48.8712446104,2.40390568972
15109;Cevennes - Bergers;29;48.8424076513,2.28103771806
18022;Marcadet - Barbès;37;48.890451121,2.34905739297
41404;Carnot - Pâquerettes;26;48.7959293943,2.42618411779
25003;Henri Ste-Claire Déville - Paul Héroult;24;48.892663,2.172411
16038;Molitor - Chardon-Lagache;34;48.8452088018,2.2656840831
16040;Exelmans - Michel-Ange;33;48.8430948665,2.25977708007
42015;Place Jean Ferrat;25;48.8184945213,2.37441748381
31012;Place Carnot;25;48.8559393219,2.44153171778
31702;Pierre et Marie Curie - Julien Grimau;18;48.8707140149,2.4240970239
17007;Navier - Epinettes;36;48.8958778077,2.32267767191
10015;Lucien Sampaix - Récollets;46;48.8743303776,2.36212290823
9115;Milton - Manuel;22;48.878249,2.341181
35014;Charles de Gaulle - Jean Lolive;26;48.8932644351,2.4126765132
21310;Kléber - Gouverneur Général Eboué;24;48.8268858431,2.27234132588
20016;Pyrénées - Maraîchers;19;48.857140014,2.40435093641
10028;Gare du Nord - Dunkerque;29;48.8804235084,2.35276367515
6032;Sabot - Rennes;26;48.8525751129,2.33155276626
2001;Greneta - Sebastopol;32;48.8652423332,2.35166698694
7013;Duroc - Place de Breteuil;42;48.8474606411,2.31261402369
6014;Pont de Lodi - Dauphine;23;48.8552968986,2.33994730757
11019;Charonne - Philippe-Auguste;32;48.855603162,2.39054639062
3101;Porte Saint-Martin;35;48.8686017211,2.3557010293
4109;Mornay - Sully;15;48.8497039955,2.36446078867
21952;Place Tony de Graaff;42;48.8181645,2.2458109
35004;Place du Président Salvador Allende;60;48.8973073104,2.40079153681
13020;Paul Klee - Place Augusta Holmes;43;48.8389464174,2.3704235664
9029;Saint-Lazare - Place d'Estienne d'Orves;39;48.8768345,2.3329067
6024;Saint-Germain-des-Prés;26;48.8541851082,2.33030587435
21031;Cimetière communal;40;48.830764,2.252024
21028;Pierre Lefaucheux - Traversière;35;48.824352083,2.24179130048
13011;Hôpital - Campo-Formio;16;48.835405,2.358218
21204;Estienne d'Orves - Henri Ginoux;31;48.8153882204,2.32088679076
16011;Victor Hugo - La Pompe;41;48.8679522247,2.28146318346
17107;Berthier - Place Stuart Merril;37;48.8859279224,2.29334503412
15311;Quai du Président Roosevelt - Pont Aval;30;48.8343883676,2.26568207145
17119;Toqueville - Cardinet;33;48.8849018711,2.31093931943
12005;Crozatier - Faubourg Saint-Antoine;29;48.8504400134,2.37890136621
12155;Rottembourg - Général Michel Bizot;43;48.8378782599,2.40440525115
15129;Hôpital Necker;40;48.8460434901,2.31324501336
6010;Chevreuse - Montparnasse;15;48.8417391612,2.33155221674
13005;Cordelières - Arago;46;48.835480719,2.3485724617
10009;Mairie du 10ème;19;48.8720894499,2.35758259892
3012;Square Emile - Chautemps;25;48.8674337242,2.35363572836
2005;Montmartre - Etienne Marcel;16;48.8650219458,2.34506844014
3006;Mairie du 3ème;32;48.8644617814,2.36176282167
3002;Saint-Gilles - Turenne;18;48.8581589568,2.3647149921
23101;Grande Rue - Europe;25;48.8218104688,2.20587987453
48008;Guy Môquet - Parvis Georges Marchais;30;48.795188401,2.35943466425
2109;Réaumur - Montmartre;19;48.8682309998,2.34382603389
10166;Strasbourg - Saint-Denis;16;48.8696016424,2.35429085791
23301;Les Blagis;27;48.785205,2.302526
15041;Franquet - Labrouste;37;48.8328770501,2.30676278472
18010;Riquet - Marx Dormoy;29;48.890210037,2.36017562449
13120;Pierre Joseph Desault;19;48.821102308,2.3787754029
21021;Enfants du Paradis - Peupliers;40;48.8331226865,2.25714594126
20106;Mairie du 20ème;27;48.8653023243,2.39906698465
18018;Carpeaux - Place Jacques Froment;19;48.8906542,2.3309428
16022;Jean Bologne - Passy;19;48.8575668898,2.28002739531
6015;André Mazet - Saint-André des Arts;55;48.8537558106,2.33909580857
8103;Artois - Berri;23;48.8739352124,2.30642583221
18111;Félix Ziem - Armand Gauthier;25;48.8894963049,2.3333936588
9106;Boudreau - Auber;14;48.87219,2.329423
17040;Pereire - Ternes;48;48.8797395483,2.28801213205
5020;Institut du Monde Arabe - Saint-Germain;40;48.8490632995,2.35580865294
12111;Claude Decaen - Cannebière;27;48.8376141704,2.3972537822
6006;Notre-Dame-des-Champs - Stanislas;19;48.8447992886,2.32933775589
18003;Cimetière de Montmartre;43;48.8864724661,2.33289018273
12114;Victor Hugo - Jeanne Jugan;28;48.843949064,2.41508139483
46003;Conservatoire de Musique;25;48.7709358667,2.40340143442
18031;Place Albert Kahn;46;48.8957969798,2.34558558413
44013;Edouard Tremblay - Julian Grimau;30;48.7813838251,2.37235084176
14012;Sibelle - Alésia;25;48.8267017585,2.33849834651
41202;Gare Rer de Fontenay sous Bois;61;48.8436279,2.4630465
17031;Place de la Porte de Champerret;28;48.8856174163,2.29078141128
1119;Cossonnerie - Sébastopol;24;48.8613266591,2.34941963106
41601;Général De Gaulle - Alouette;26;48.839109,2.4175664
14110;Abbé Carton - Plantes;25;48.8276738232,2.3209181428
11024;Mairie du 11ème;51;48.858925,2.3789759
22006;Pierret - Madrid;28;48.8829765769,2.26012576725
5006;Saint-Jacques - Soufflot;19;48.8465255,2.343099
8035;Bienfaisance - Place de Narvik;36;48.8766016346,2.31297712773
10011;Bourse du Travail;17;48.8689766388,2.3623438552
15010;Square Cambronne;59;48.8475665453,2.30256915092
20119;Square des Saint-Simoniens;25;48.8701796,2.3967273
10001;René Boulanger - Lancry;62;48.8685433,2.3600032
10005;Petites Ecuries - Faubourg Poissonnière;18;48.8739721724,2.3483887575
5026;Pascal - Claude Bernard;49;48.8390619522,2.34997820109
21111;Professeur René Leriche - Général Leclerc;50;48.9078284548,2.3078879714
13016;Primo Levi - Frigos;34;48.8309484485,2.37965351593
21003;Jean Jaurès - Jean Baptiste Clément;24;48.8457626145,2.23696500063
11116;Faubourg St-Antoine - Place de la Nation;37;48.8487659,2.3940436
7007;Musée d'Orsay;65;48.8597261579,2.32586044818
32001;Proudhon - Président Wilson;30;48.9064427635,2.35849052668
6017;Sénat - Condé;33;48.8495422779,2.3379394412
8056;Beaujon - Wagram;29;48.875352456,2.29644164443
12108;Bercy;66;48.839966915,2.3788625747
20026;Gambetta - Hôpital Tenon;35;48.867925154,2.40097662355
8104;Chateaubriand - Friedland;31;48.8740144756,2.29991625787
20017;Saint-Blaise - Mouraud;27;48.856961776,2.40869477391
8015;Roquépine - Malesherbes;37;48.8734507339,2.32040449977
23302;Parc de Sceaux - Centre-Ville;33;48.7769529826,2.29572147131
8004;Malesherbes - Place de la Madeleine;67;48.8704060285,2.32324350981
11103;Pelée - Alphonse Baudin;38;48.8600265,2.3710541
10017;Gare de l'Est - Fidélité;15;48.874575,2.356796
5107;Pontoise - La Tournelle;23;48.8504580092,2.35245427549
16101;Malakoff - Place de la Porte Maillot;31;48.8767334966,2.28345774114
19034;Porte de Pantin - Petits Ponts;52;48.8904108624,2.39819392562
12043;Daumesnil - Hébrard;40;48.8429,2.38474
19108;Gaston Tessier - Rosa Parks RER;37;48.8963765,2.3743692
18007;Goutte d'or - Barbès;20;48.8851243236,2.34969623387
17111;Lemercier - Cardinet;24;48.8900971689,2.3173776269
15071;Suffren - Champ de Mars;23;48.8547194,2.2952168
15102;Square Bela Bartok;24;48.8512015683,2.28465367109
2108;Vivienne - Montmartre;39;48.8713475974,2.34145883471
4104;Sebastopol - Rambuteau;16;48.8618180927,2.3501381278
4019;Cloître Saint-Merri - Renard;32;48.8588354489,2.35182791948
2112;Bibliothèque Nationale;17;48.8682889935,2.33808930963
15127;Place Charles Michels;37;48.846401,2.28502
6002;Saint-Benoît - Jacob;23;48.8554513601,2.33347222209
16019;Porte de la Muette;36;48.8630231784,2.26871881702
18139;Poissonniers - Championnet;28;48.8954329973,2.35301781446
12036;Reuilly - Place Felix Eboue;42;48.840302745,2.39463039872
15128;Cadix - Hameau;37;48.8340107632,2.28951618075
21309;Mairie d'Issy;41;48.8237677925,2.27231115103
1007;Turbigo - Française;16;48.8635885811,2.34777946025
19002;Centquatre;42;48.8893335385,2.37078543752
19201;Petit - Georges Thill;23;48.88603132,2.3895753175
23702;Hôtel de Ville de Chaville;20;48.8088714909,2.18813404441
1017;Saint-Honoré - 29 juillet;20;48.8655711428,2.33056741758
48007;Parc Départemental des Hautes-Bruyères;30;48.7934579014,2.35090121627
16010;Belles Feuilles - Place de Mexico;23;48.8658047465,2.28292062879
13116;Place du Docteur Yersin;50;48.8201049499,2.37255837768
8040;Pierre Charron - Champs-Elysées;32;48.8701033599,2.30435013771
17036;Place Tristan Bernard;28;48.8791964,2.2915403
35013;Guillaume Tell - Parc Henri Barbusse;20;48.8895892589,2.41988629103
31105;Lavoisier - Missak Manouchian;18;48.862864689,2.49567646533
17110;Legendre - Nollet;30;48.8877421868,2.32029307988
21207;Verdier - République;29;48.8154037663,2.31739372015
10031;Louis Blanc - Aqueduc;37;48.8820301826,2.36356157809
15113;Arsonval - Falguière;25;48.8404004037,2.3131178673
13023;Bobillot - Moulin des Prés;28;48.8286573462,2.35302064632
41301;Bois de Vincennes - Gare;50;48.8360222429,2.47083399508
15047;Morillons - Dantzig;52;48.8331014995,2.29938000441
17010;Jonquière - Docteur Paul Brousse;40;48.8947998167,2.31870521217
17032;Jean Oestreicher - Porte de Champerret;21;48.8865558007,2.28864043951
8016;Square Louis XVI;29;48.873204401,2.32365883074
18024;Clignancourt - Ordener;35;48.8914577262,2.34863647806
17043;Belidor - Gouvion-Saint-Cyr;40;48.8802215405,2.2854680568
18011;Pajol - Place Herbert;39;48.8927825,2.3635598
19103;Manin - Carrières d'Amérique;20;48.8846721421,2.3919698596
15105;Fédération - Suffren;25;48.8528281534,2.29787763208
35002;Jean Jaurès - Presles;30;48.907134415,2.39600572805
9116;Victoire - Chaussée d'Antin;24;48.875065791,2.33167380095
20134;Lieutenant Chauré - Etienne Marey;20;48.8674619541,2.40597099066
13041;Porte d'Ivry;50;48.8217687476,2.36887067556
7112;Quai d'Orsay - Invalides;18;48.8630969001,2.31698962102
13049;Vincent Auriol - Louise Weiss;22;48.8340019355,2.37038880587
12024;Gare de Bercy;35;48.8397945739,2.38260660321
17050;Batignolles - Abel Truchet;28;48.8831039046,2.32383474909
20021;Indre - Prairies;38;48.8625439851,2.40329045802
15032;Félix Faure - Lourmel;58;48.8386890171,2.2818081826
20116;Haies - Réunion;22;48.8538689677,2.40242616224
12004;Traversière - Ledru-Rollin;34;48.8507358241,2.37587011171
45001;Hôtel de Ville de Champigny sur Marne;21;48.8138106284,2.50967592001
18042;Place Pigalle;21;48.8827555,2.3361566
20019;Place du Maquis du Vercors;31;48.8773215795,2.40837827325
15063;Convention - Saint-Charles;19;48.8431561111,2.28310905397
11003;Keller - La Roquette;34;48.8555508,2.3752778
47002;Les Juilliottes;21;48.8043072,2.4437362
11107;Faidherbe - Dahomey;44;48.8513583298,2.3838231348
11110;Roquette - Folie Regnault;52;48.8592469592,2.38655362358
12127;Tremblay - Lac des Minimes;48;48.8341312615,2.45475165546
13035;Choisy - Tolbiac;26;48.8259115559,2.36023932695
9036;Athènes - Clichy;20;48.8781137879,2.32956021946
20002;Square de la rue Pixérécourt;15;48.8736824,2.3960278
5029;Georges Bernanos - Port Royal;30;48.8401452135,2.33735740185
31025;Paul Signac - Aristide Briand;35;48.8695026216,2.4502260983
4003;Quai aux Fleurs - Pont Saint-Louis;21;48.8529159562,2.35219571739
21217;Louis Rolland - République;26;48.8171088974,2.3193106435
15062;Convention - Lourmel;36;48.8420550417,2.28599108756
16002;Pergolèse - Malakoff;38;48.8752108878,2.28427816182
23010;Voltaire - Anatole France;27;48.8919993603,2.28426273912
11017;Charonne - Bureau;47;48.854176,2.396093
15011;Cambronne - Villa Croix Nivert;62;48.8458475614,2.30175744742
5024;Place Monge;21;48.8427618031,2.35240794718
9011;Geoffroy - Marie;20;48.8737819406,2.34451387634
21303;Jean Monnet - Iles;32;48.8233939841,2.24970731949
18039;Jardins d'Eole;20;48.8869703,2.3668488
14031;Didot - Place de Moro-Giafferi;22;48.8337,2.3215
33012;Landy - Heurtault;30;48.9150965345,2.37595137209
14026;Plantes - Moulin Vert;45;48.8300575531,2.32323020697
10032;Claude Vellefaux - Hôpital Saint-Louis;32;48.872859139,2.37007170699
12156;Niger - Soult;24;48.8436990637,2.41036123722
12002;Lacuée - Lyon;16;48.849268482,2.3704585433
21953;Gare de Bellevue;20;48.8192404686,2.22953092307
24006;Adolphe Lalyre - Armand Silvestre;40;48.9040626696,2.27341622114
33020;Waldeck Rochet - Germaine Tillon;31;48.911059602,2.36763015389
27001;Square Victor Basch;20;48.9143048623,2.22891569138
1023;Saint-Honoré - Musée du Louvre;22;48.8634431328,2.33487818464
19114;Manin - Secrétan;20;48.8791665,2.3787959
8018;Saint-Augustin;31;48.8762009747,2.31978625059
44010;8 Mai 1945 - 10 Juillet 1940;30;48.7845670297,2.39790357649
9025;Taitbout - Châteaudun;39;48.8763839694,2.33535667793
21022;Dôme - République;25;48.832681,2.250257
12008;Hector Malot - Daumesnil;54;48.8469355299,2.37708762288
17006;Guy Môquet - Compoint;36;48.8921355904,2.32321947813
25004;Marcel Pourtout - Édouard Manet;24;48.8755562076,2.16559678316
20033;Etienne Dolet - Place Maurice Chevalier;33;48.8679830336,2.38514053111
19007;Flandre - Ourcq;30;48.8926015919,2.37909156829
21016;Point du Jour - Jean Jaurès;26;48.8287531414,2.24591146701
21107;Bertrand Sincholle - Henri Barbusse;24;48.8992598239,2.3042294383
11025;Froment - Bréguet;43;48.8570414505,2.37289470307
6029;Vaugirard - Monsieur le Prince;26;48.8489514416,2.34113294631
7025;Octave Gréard - Tour Eiffel;33;48.8565029777,2.29317875433
9028;Moncey - Blanche;17;48.8800658747,2.33108103275
10008;Cité Riverin - Château d'Eau;18;48.8707024236,2.3587398639
10042;Enghien - Faubourg Poissonnière;16;48.8724200631,2.34839523628
21112;Claude Debussy - Marc Bloch;28;48.9103881805,2.31177717447
44004;Place de l'Eglise;28;48.7919228199,2.39505775273
11039;Richard Lenoir - Jean-Pierre Timbaud;36;48.8658042767,2.36933707497
17013;Legendre - Dulong;23;48.8853251694,2.31642376631
9021;Saint Georges - d'Aumale;23;48.877786396,2.33742982149
12013;Montgallet - Reuilly;16;48.844291,2.3896481
14117;Gare Montparnasse - René Mouchotte;39;48.8392038433,2.32088394463
42707;Place Jean-Baptiste Clément;25;48.8124046687,2.36170917749
20132;Réunion - Avron;26;48.852566752,2.40392806871
16006;Lauriston - Copernic;19;48.86926,2.289918
10165;Gare de l'Est - Place du 11 Novembre 1918;40;48.876327,2.3585464
51003;Hôtel de Ville d'Argenteuil;30;48.946504,2.2496396
8051;Batignolles - Rome;15;48.8818233706,2.32025898993
19039;Edouard Pailleron - Simon Bolivar;24;48.8797988605,2.37483926117
16032;Eglise d'Auteuil;21;48.8474984177,2.26848387135
17047;Courcelles - Pierre Demours;26;48.8837697333,2.29858466343
21703;Square du Carrefour de l'Insurrection;23;48.8208645598,2.29111343622
35017;Toffier Decaux - Cartier Bresson;15;48.9016507255,2.40175455809
5121;Square René Viviani - Montebello;34;48.8519048914,2.34784215689
32004;Wilson - Landy;40;48.9151672622,2.35763322562
10033;Gare du Nord - Saint-Vincent de Paul;24;48.8809557416,2.35243051484
21114;Gustave Eiffel - Parc des Impressionnistes;30;48.9039061965,2.2946908325
2101;Bachaumont - Montmartre;33;48.8661739508,2.34497755766
13515;Auguste Blanqui - Glacière;60;48.831151603,2.34382219613
10004;Metz - Faubourg Saint-Denis;48;48.870893,2.353521
16115;Raffet - Montmorency;42;48.8525867081,2.26292524562
21219;Amaury Duval - Gabriel Péri;36;48.8171875967,2.32384175062
23003;Président Wilson - Baudin;28;48.898268871,2.28493362665
25001;Colmar - Victor Hugo;32;48.886522511,2.1739609167
47001;Place de la Gare;46;48.8025335801,2.42750376463
9102;Londres - Place d'Estienne d'Orves;25;48.8766938058,2.33053620905
10021;Marché Saint-Quentin;15;48.8773560577,2.35451144564
6022;Marché Saint-Germain;21;48.8516562586,2.33550030738
11011;Richard Lenoir - Voltaire;25;48.8616427388,2.3727491498
20105;Benoît Frachon - République;30;48.8523072901,2.41560548544
16036;Porte Molitor;60;48.8452476351,2.25690152496
12015;Place de la Nation - Picpus;36;48.8468216815,2.40011304617
9037;Parme - Clichy;24;48.8812664242,2.32819709345
8028;Arsène Houssaye - Champs-Elysées;29;48.8734092763,2.29779046029
1014;Rivoli - Musée du Louvre;24;48.8636463685,2.33409583569
1026;Place du Lieutenant Henri Karcher;30;48.8634908717,2.34006710351
12166;Parc Floral du Bel Air;25;48.8392857119,2.43856016546
1008;Les Halles - Saint-Eustache;32;48.863626959,2.34262391925
20140;Paganini - Davout;22;48.85135,2.412021
24004;Paix - Verdun;35;48.900504,2.261173
25002;Hôtel de Ville de Rueil-Malmaison;20;48.878194,2.181724
6020;Place Saint-André des Arts;37;48.8528861739,2.34265442938
21010;Silly - Galliéni;25;48.8355838387,2.23255008459
8009;Gare Saint-Lazare - Isly;27;48.8747776776,2.32651580478
19015;Thionville - Ourcq;24;48.8891761374,2.38336533308
42014;Place Marcel Cachin;32;48.8141144236,2.39090770483
14008;Mouton Duvernet - Général Leclerc;39;48.8316325183,2.32931211591
21209;Molière - République;30;48.8111158139,2.31457386244
21006;Marcelin Berthelot;27;48.8415473059,2.23316162825
44003;Gabriel Péri - Danielle Casanova;20;48.790114,2.4025777
22203;Tertres - Fontaine;28;48.7875536547,2.30623573065
22402;Jean Jaurès - Salvador Allende;43;48.8214755947,2.30265766382
9010;Rochechouart lamartine;24;48.8767198951,2.34439302185
1002;Victoria - Place du Chatelet;22;48.8579925915,2.34691679478
21305;Place Jacques Madaule;25;48.8239337873,2.26069182158
33009;Félix Faure - Sadi Carnot;33;48.9081211023,2.37862318754
8002;Gare Saint-Lazare - Cour du Havre;45;48.8756744009,2.32655983418
41207;Place du Général de Gaulle;28;48.8525288,2.4877332
6018;Michelet - Assas;18;48.8427415028,2.3350211978
19037;Belleville - Porte des Lilas;32;48.8766039189,2.40476969113
17124;Porte de Saint-Ouen - Henri Huchard;26;48.8987083664,2.32953608036
20027;Porte de Ménilmontant;15;48.8691543609,2.40932246879
15108;Lourmel - Marie Skobtsov;22;48.844974,2.287283
26001;Gare d'Asnières sur Seine;24;48.9063645922,2.28350669146
18023;Ordener - Poissonniers;35;48.8912138908,2.35128866622
23007;Président Wilson - Jean Jaures;27;48.8903405405,2.29206830263
9118;Faubourg Poissonniere - Delta;36;48.8825558076,2.34974820167
7113;Berges de Seine - Musée d'Orsay;16;48.8627885937,2.30645935982
41206;Place des Larris;34;48.8568363,2.4780236
13019;Fernand Braudel - Vincent Auriol;36;48.8363785232,2.3723404482
15009;Suffren - Pérignon;46;48.8471756149,2.3070521476
13022;Butte aux Cailles - Esperance;36;48.8275877419,2.34921511263
16031;Vignes - Boulainvilliers;21;48.856399484,2.27524045855
42011;Quai Marcel Boyer - Victor Hugo;29;48.8225563667,2.39203959703
35015;Averroès - Aimé Césaire;19;48.9140532343,2.41263695061
15019;Paul Barruel - Vaugirard;39;48.8401491855,2.30443328619
15131;Charles Lecocq - Lecourbe;30;48.84044,2.294867
41210;Hôtel de ville de Fontenay-sous-Bois;20;48.8494974911,2.47501641512
11109;Pierre Levée - Fontaine Timbaud;23;48.8663272337,2.37111635506
21307;Victor Cresson - Telles de la Poterie;31;48.822698843,2.2686498275
11032;Jean-Pierre Timbaud - Vaucouleurs;47;48.867937,2.377885
13126;Place Nationale - Château-des-Rentiers;18;48.829566,2.365053
51002;Placette Grégoire Collas;25;48.94342014,2.24874760956
51001;Gare d'Argenteuil;40;48.9470224368,2.2568981722
41401;Marne - Charles de Gaulle;27;48.8150717195,2.41216689348
18026;Ruisseau - Ordener;35;48.8929946257,2.34014488757
20001;Place de la Nation - Charonne;36;48.8483646678,2.39976238598
21026;Sèvres - Général Leclerc;30;48.8301215591,2.23142623901
7021;Bosquet - Saint-Dominique;28;48.8586517095,2.30371658023
31709;Place de la Fraternité;22;48.8571640584,2.42284744978
2002;Etienne Marcel - Montorgueil;28;48.8645056726,2.3461959511
22502;Kléber - National;20;48.9063338987,2.23939105868
4005;Quai des Célestins - Henri IV;14;48.8512971,2.3624535
12163;Hippodrome Paris-Vincennes;42;48.8204838776,2.44627118111
14134;Château - Place de Catalogne;33;48.8368055423,2.31852930039
31104;Mairie de Rosny-sous-Bois;30;48.871256519,2.48658075929
22506;Gare des Vallées;20;48.913179,2.257726
42028;Verdun - Carnot;28;48.8084393761,2.37379521132
1015;Place André Malraux;19;48.8639251587,2.33562268317
43007;Hôtel de Ville de Vincennes;27;48.8482760971,2.43989557028
12022;Sahel - Général Michel Bizot;33;48.8408729648,2.40444447845
15027;Duhamel - André Gide;20;48.8365662244,2.3127071211
13008;Place d'Italie - Soeur Rosalie;52;48.8319085204,2.35469434481
11104;Charonne - Robert et Sonia Delauney;20;48.855907556,2.39257067442
9104;Caumartin - Provence;22;48.8744227734,2.32846856117
15028;Grenelle - Dr Finlay;71;48.8513154067,2.29195028543
18134;Ney - Porte de Clignancourt;25;48.8978867,2.3458001
10027;Dunkerque - Alsace;18;48.879355,2.358379
7018;Ségur - d'Estrées;19;48.851419979,2.30970449746
31103;Gare Rosny-Bois-Perrier;36;48.8811502334,2.48043682426
31001;Lagny - Auguste Blanqui;27;48.8492256805,2.42186039686
26002;Redoute - Les Courtilles;32;48.9298671945,2.28366963565
22202;Jean Marin Naudin - Stalingrad;30;48.8057138974,2.32020232826
22406;Guy Môquet - Etienne Dolet;23;48.8152700999,2.298078277
14124;David Weill - Parc Montsouris;22;48.8210923743,2.33372569084
31008;François Debergue - Croix de Chavaux;57;48.8574217081,2.43757814169
15103;Cauchy - Cévennes;51;48.843372571,2.27513283491
17125;Marie-Georges Picquart - Pereire;32;48.8886366935,2.31117065996
31707;Edouard Vaillant - Galliéni;49;48.8584628817,2.41479545832
11042;Grand Prieuré - Crussol;49;48.8646606279,2.36922655318
19125;Place de l'Édit de Nantes;30;48.88879,2.3785
28001;Richard Wallace - Place du 8 Mai 1945;30;48.8786679479,2.24203437567
7015;Varenne;47;48.8572026618,2.31527712196
8055;Courcelles - Place des Ternes;31;48.8781999289,2.29928601887
23701;Parvis Robert Schuman - Roger Salengro;24;48.8126574706,2.19217512757
5002;Sommerard - Saint-Jacques;34;48.8503104329,2.3450158353
18005;Tardieu - Chappe;18;48.8841467598,2.34184540808
13102;Pitié-Salpêtrière;51;48.8374881032,2.36521381885
19009;Cité des Sciences et de l'Industrie;30;48.8965957118,2.38459914923
18033;Belliard - Damrémont;34;48.8966923878,2.33802345039
16043;Place de Passy;15;48.8578029171,2.27750054694
15040;Saint-Amand - Labrouste;36;48.8340972748,2.30876773596
23008;Hôtel de Ville de Levallois Perret;26;48.89314452,2.28888183832
22002;Argenson - Château;25;48.8885593147,2.26420015097
13021;Boussingault - Tolbiac;28;48.8260351661,2.342176808
12150;Bastille - Quai de la Rapée;27;48.8468241086,2.36693646759
4111;Hôtel de Ville - Pont d'Arcole;20;48.8558764518,2.35089216381
10153;Gare du Nord - Denain;20;48.8795957876,2.35447257757
44002;Paul Vaillant-Couturier - Gare RER;26;48.8010815907,2.40209721029
20009;Docteurs Déjérine - Pte de Montreuil;20;48.8539844813,2.41208288897
42305;Vanne - Saussaies;20;48.786404,2.338848
13033;Porte d'Italie;13;48.8171619877,2.36023630947
11038;Temple - Charlot;45;48.8657093438,2.36527372507
18006;Square Louise Michel;36;48.8846873545,2.34413869679
41205;Maréchal Joffre - Verdun;20;48.85385,2.470307
18041;Rochechouart - Martyrs;20;48.8821937796,2.34054956585
32601;Porte des Lilas - Faidherbe;39;48.8786185567,2.41203278303
10151;Gare du Nord - Faubourg Saint-Denis;29;48.8796127655,2.35684029758
92006;Place Nelson Mandela;30;48.8978743182,2.21828207374
20015;Bagnolet - Orteaux;36;48.8570864103,2.39841252565
15006;Cherche-Midi - Hôpital Necker;38;48.8446106331,2.3179140687
13052;Leredde - Tolbiac;44;48.8288762966,2.37443827093
11001;Richard Lenoir - Place de la Bastille;53;48.8538327,2.3697222
20008;Pyrénées - Avron;32;48.8532468982,2.40587104453
20024;Gambetta - Père Lachaise;29;48.8642956962,2.39822866728
21506;Maurice Payret-Dortail;22;48.8781195706,2.22336251289
13017;Nationale - Vincent Auriol;33;48.832527084,2.36235441039
19046;Porte de Pantin;33;48.8891997256,2.39501819015
41208;Alouettes - Maréchal de Lattre de Tassigny;22;48.8551100929,2.49307002872
42704;Mairie du Kremlin-Bicêtre;25;48.8119198154,2.35701899976
13054;Pau Casals - Neuve Tolbiac;53;48.8311602,2.3774395
42018;Amédée Huon - Fort d'Ivry;31;48.8051313769,2.3884896934
22603;Place de la Division Leclerc;35;48.7938249886,2.27311404306
2020;Danielle Casanova - Opéra;20;48.8676432423,2.33338940889
20048;Bagnolet - Place Saint-Blaise;28;48.85973,2.40334
42022;Gare RER - Maurice Grandcoing;37;48.813881,2.392429
42303;Place Eustache Deschamps;20;48.793855,2.336637
41605;Général De Gaulle - Vivien;22;48.8360742009,2.41891667247
6025;Assas - Rennes;32;48.8492084999,2.32851454623
20014;Charonne - Alexandre Dumas;35;48.8560774151,2.39486932755
7010;Constantine - Université;65;48.8606804737,2.31484819558
31701;Mairie de Bagnolet;28;48.8684213186,2.41795878857
12017;Saint-Mandé - Docteur Arnold Netter;39;48.8446258577,2.40494638681
17026;Jouffroy d'Abbans - Wagram;40;48.8819732984,2.30113215744
5016;Thouin - Cardinal Lemoine;17;48.8450471666,2.34946478513
15068;Général Martial Valin - Pont du Garigliano;16;48.8382309427,2.27050602436
20035;Pyrénées - Ménilmontant;26;48.8693268535,2.39508457482
10115;Granges aux Belles;27;48.8761373391,2.36808449794
10029;Dunkerque - Rocroy;24;48.880726,2.351464
10161;Gare de l'Est - Faubourg-Saint-Martin;32;48.8756426475,2.35945880413
16026;Ranelagh - Mozart;23;48.8554439,2.2704418
19043;Delphine Seyrig - Général Leclerc;53;48.8939239631,2.39790290594
8010;Liège - Moscou;17;48.8795431,2.3264628
46002;Rouget de Lisle;35;48.7646154834,2.40711897612
10016;Récollets - Square Villemin;17;48.8750346559,2.3598012386
33102;Gabriel Péri - Francisco Ferrer;18;48.8863371024,2.40733891726
8054;Bertie Albrecht - Hoche;32;48.8761403983,2.30130313831
15133;Vaugirard - Place Henri Rollet;27;48.8365914815,2.29305569082
11030;Oberkampf - République;24;48.8654533,2.3760261
31708;Noisy le Sec - Jean-Baptiste Clément;22;48.8745153896,2.41528362036
21008;Victor Hugo - Galliéni;34;48.8380201544,2.24608451128
92008;Hôtel de Ville de Nanterre;38;48.8923718983,2.20554895699
18012;Stephenson - Doudeauville;36;48.8885370489,2.35616102815
18141;Clignancourt - Sofia;19;48.8851199231,2.34719488842
12034;Pirogues de Bercy - Libourne;49;48.832308,2.38637
8033;Commandant Rivière;27;48.872933,2.309796
14019;Sarrette - Général Leclerc;22;48.8250308529,2.3264128694
42207;Place des Marseillais;37;48.8266390725,2.40592807531
5116;Place Valhubert;37;48.8441825773,2.36403666437
14018;Porte d'Orléans;48;48.8227639,2.3249313
43006;Vignerons - Minimes;29;48.841486,2.430793
92004;Université;20;48.901365,2.212693
21032;Sèvres-Gallieni;27;48.837809409,2.22815193236
14122;Colonel Monteil - Brune;19;48.8265029331,2.30927479983
17122;Bridaine - Lamandé;29;48.8862074,2.3206239
19040;Belleville - Télégraphe;41;48.8756045,2.3995549
17121;Square des Epinettes;20;48.8938390978,2.32595399022
13046;Eugène Oudiné - Dessous Des Berges;44;48.8256423,2.3750226
14028;Alésia - Suisses;47;48.8316825207,2.3149869226
8038;François 1er - Montaigne;29;48.86688765,2.30667557572
9012;Rougemont - Poissonnière;30;48.8716115694,2.34587308019
15061;Square Desnouettes;22;48.8347683793,2.28414229739
9113;Bleue - Trévise;30;48.8757890656,2.34728962183
2014;Daunou - Louis le Grand;17;48.869113,2.332515
16041;Versailles - Claude Terrasse;46;48.8402193381,2.26383419115
11048;Place Mireille Havet;43;48.850533,2.383756
11037;Faubourg Du Temple - Republique;38;48.8678724847,2.36489821581
14127;Odessa - Départ;39;48.8428855901,2.32442814857
17104;Jardin Marguerite Long;22;48.8816985774,2.28365756571
14016;René Coty - Parc Montsouris;55;48.824791345,2.33612492681
23006;Jules Guesde - Alsace;25;48.8905662755,2.29507774115
20047;Cours de Vincennes - Davout;48;48.84723803,2.41070423362
15060;Place de la Montagne du Goulet;21;48.8443415,2.2773844
22013;Mairie de Neuilly sur Seine;31;48.8849472877,2.26770311594
8008;Joseph Sansboeuf - Saint Lazare;18;48.8753156307,2.32290197164
21708;Marcel Yol - Jullien;30;48.825376118,2.28723501806
15123;Commerce - Letellier;44;48.8479766037,2.29662451966
9101;Cadet - La Fayette;19;48.8756016327,2.34357040375
7017;La Motte-Picquet - La Tour Maubourg;40;48.8572316,2.3094136
4021;Centre Georges Pompidou;26;48.861419,2.352581
21319;Esplanade du Foncet - Camille Desmoulins;28;48.8270902335,2.2606857866
14011;Place des Droits de l'Enfant;24;48.8274804,2.3319217
16012;Flandrin - Longchamp;42;48.8687784918,2.27435453918
8031;Jean Mermoz - Champs-Elysées;33;48.8696898569,2.31073245406
12019;Gare de Reuilly - Picpus;28;48.8426735412,2.39729437977
18140;Porte de Clignancourt - Ney;40;48.899641124,2.34432142228
8110;Gare Saint-Lazare - Stockholm;32;48.8771273167,2.32241716236
3001;Beaumarchais - Saint-Gilles;51;48.8580378,2.3679352
3005;Sainte-Elisabeth - Turbigo;33;48.8661033743,2.35964924097
26006;Bas - Gabriel Péri;30;48.9158558054,2.29480952024
10201;Magenta - Chabrol;24;48.8764953509,2.35609900206
12016;Saint-Mande - Picpus;35;48.8451277283,2.40156862965
48012;Stalingrad - Henri Luisette;26;48.7836309246,2.36693594676
23703;Gare de Chaville Rive Gauche;18;48.8051603043,2.18827720731
13015;Chevaleret - Louise Weiss;35;48.8325865134,2.37121138812
15053;Lecourbe - Convention;46;48.8392331924,2.29151979089
20032;Square des Amandiers;12;48.8661563067,2.38913241774
16033;Marché d'Auteuil;32;48.8484276137,2.26525382116
19014;Lorraine - Jean Jaurès;19;48.8863865,2.3825772
15014;Volontaires - Vaugirard;34;48.8413205018,2.30808901725
6009;Guynemer - Jardin du Luxembourg;36;48.8466127,2.3325478
17041;Guersant - Gouvion-Saint-Cyr;39;48.8828777518,2.28766737081
20143;Ramponeau - Belleville;44;48.8710311376,2.37905685211
17044;Porte de Saint-Ouen - Bessières;42;48.8979224085,2.32851451022
16138;Saint-Cloud - Hippodrome;30;48.8577214889,2.2549109906
8048;Marceau - Chaillot;21;48.8688339499,2.29899678379
17008;Porte Pouchet-Bessières;23;48.8978765,2.3230632
10107;Gare du Nord - Hôpital Lariboisière;49;48.881949,2.352339
11027;Saint-Ambroise - Parmentier;38;48.8621478445,2.3772348091
11002;Roquette - Thiéré;23;48.8550793058,2.37336863187
16039;Exelmans - Versailles;49;48.8409749109,2.26439025253
18028;Championnet - Vauvenargues;33;48.8940187474,2.33198728412
20115;Louis Lumière - Porte de Bagnolet;20;48.86431136,2.41052102298
11105;Parmentier - République;50;48.8644954,2.3750124
22003;Beffroy;26;48.8865910745,2.26139456034
19022;Marché Secrétan;26;48.8812549638,2.37346328795
19018;Cité de la Musique;60;48.8887965565,2.39258119319
23001;Paul Vaillant Couturier - Chaptal;39;48.8934795762,2.27752536535
35019;Anatole France - Jean Lolive;28;48.8949922,2.4253764
8102;Lamennais - Washington;26;48.8735299003,2.30344489217
17027;Place du Maréchal Juin - Péreire;46;48.885263,2.298286
31016;Lucie Aubrac - Franklin;36;48.8622391601,2.44358628988
12001;Bastille - Biscornet;62;48.8513557796,2.36922003329
47006;Les Planètes;16;48.8099849921,2.45808530599
10020;Chabrol - d'Hauteville;11;48.877018388,2.35131796449
18138;Ney - Charles Hermite;20;48.8987480398,2.3645754531
7101;Raspail - Chomel;49;48.8522331643,2.32665807009
1022;Danielle Casanova - Place Vendôme;37;48.8682664982,2.33048390597
14125;Dareau - Broussais;24;48.8307758,2.3361804
20004;Commandant l'Herminier - Gallieni;17;48.8470405526,2.41604536772
17001;Guy Môquet - Saint-Ouen;53;48.892777719,2.32703357935
35011;Honoré d'Estienne d'Ovres - Grilles;18;48.8905639474,2.40648318438
13027;Mazagran - Pierre de Coubertin;15;48.8162186403,2.34422687441
42304;Marc Sangnier - Division Leclerc;24;48.7859965231,2.3299555108
31021;Résistance - Hoche;30;48.8642734237,2.43578441441
42004;Westermeyer - Paul Vaillant-Couturier;25;48.8191161816,2.39666372538
32011;Stade de France;44;48.9191419536,2.36206557602
44007;Camille Groult - Guy Môquet;22;48.7874827465,2.39767257124
6008;Assas - Luxembourg;33;48.8437344688,2.33342838188
35001;Jean Jaurès - Ouvrières Pivéreuses;20;48.9104234375,2.39957660437
10105;Mazagran - Bonne Nouvelle;25;48.8700471237,2.35112484545
31007;Paris - Désiré Préaux;49;48.8574287669,2.43230491877
13032;Italie - Jardin Joan Miro;26;48.8199091405,2.3592948541
41101;Paul Doumer - Stalingrad;24;48.8065189922,2.33688801527
9004;Gérando - Rochechouart;21;48.8829434084,2.34648462385
4020;Place Edmond Michelet;23;48.8601348905,2.3500636965
12018;Saint-Mandé - Fabre d'Eglantine;34;48.8453579,2.3965022
44005;Place Saint-Just;22;48.7903795187,2.38952267915
15036;Croix Nivert - Square Saint-Lambert;47;48.8430515216,2.29520045221
42505;Charles Frérot - Albert Guilpin;30;48.8155839184,2.35050290823
22504;Château - République;20;48.905928,2.253629
9111;Victoire - Laffitte;20;48.8751437349,2.33811850514
1012;Jean-Jacques Rousseau - Deux Ecus;22;48.8629780597,2.34146352857
13038;Choisy - Malmaisons;25;48.821919703,2.36334688341
1024;Coquillière - Louvre;21;48.8637959097,2.34257362783
45004;République - Louis Loucheur;37;48.8235492612,2.51018654555
17020;Jouffroy d'Abbans - Malesherbes;27;48.8850134,2.3070717
21002;Place Denfert-Rochereau;20;48.8432525363,2.24598795176
41103;Place de la vache noire;25;48.8104051706,2.32706040144
21027;Fief - République;25;48.8317088817,2.25577197969
9020;Toudouze - Clauzel;21;48.8792959173,2.33736008406
7001;Invalides - Duroc;29;48.8477924733,2.31619209051
92002;Théâtre des Amandiers - Palais des sports;24;48.8926485268,2.21369415522
9002;Abbeville - Faubourg Poissonnière;14;48.879223,2.349147
19003;Quai de la Seine;24;48.8844922384,2.37039417028
11023;Saint-Maur - Roquette;46;48.8586887741,2.38355399457
31009;Place Du Général De Gaulle;26;48.8687591,2.4329931
17030;Pereire - Rennequin;23;48.8836478289,2.29524470866
12128;Pyramide - Ecole du Breuil;34;48.8223797715,2.45868712664
15104;Hôpital Européen Georges Pompidou;65;48.8376953192,2.27537423372
2111;Chabanais - Petits Champs;30;48.8670374019,2.33671601862
13053;Chevaleret - Tolbiac;21;48.82941,2.375934
31003;Paris - Emile Zola;30;48.8548980958,2.41866856813
13050;Quai Panhard et Levassor;57;48.8283748281,2.38427374581
43005;Gare RER de Vincennes;51;48.8475630151,2.43338316679
32003;Wilson - Métallurgie;28;48.9094230101,2.35844358802
7005;Raspail - Bac;52;48.8556287211,2.32566028833
33018;Edouard Poisson - Victor Hugo;30;48.9111391495,2.37927228212
16034;Porte d'Auteuil;33;48.8479394142,2.26083967835
16140;Longchamp - Suresnes;0;48.8630082862,2.24082814273
12030;Charenton - Wattignies;33;48.8366757964,2.39179585556
13014;Gare d'Austerlitz;14;48.842524,2.364044
42023;Place Léon Gambetta;26;48.8146125024,2.40292936563
15029;Emeriau - Place de Brazzaville;51;48.8507852617,2.28715851903
23011;Bineau - Louise Michel;25;48.8866616221,2.28432744741
16123;Mahatma Gandhi;26;48.876356,2.264205
6016;Danton - Serpente;22;48.8522973626,2.34141323715
11006;Ledru-Rollin - Place du Père Chaillet;37;48.8564337069,2.37902058776
15035;Place Etienne Pernet;43;48.8424345713,2.29218196124
15049;Porte de Versailles;24;48.8321538173,2.2871491313
11043;Place Pasdeloup;21;48.8626542156,2.36703250628
14030;Pernety - Raymond Losserand;32;48.834254628,2.31760933939
10036;Aqueduc - Villette;28;48.8838860639,2.36719880331
19041;Belleville - Pyrénées;42;48.8741908,2.3860039
18137;Poissonniers - Nord;28;48.8925112135,2.35222287476
7026;Place de Finlande;25;48.862408336,2.3113624379
11046;Place de la République - Voltaire;19;48.8668309689,2.36548103392
11044;Square du Bataclan;20;48.8633762,2.3711327
12153;Terroirs de France - Lheureux;55;48.8321202707,2.38861810416
9016;Choron - Martyrs;17;48.8778514435,2.33967013657
22010;Charles de Gaulle - Louis-Philippe;28;48.8816213111,2.27128300904
16024;Ranelagh - Maison de la Radio;22;48.8529360317,2.28044964373
17015;Place de Lévis;48;48.8835468515,2.31319338083
16001;Portugais - Kléber;26;48.8712148,2.2937349
33015;Charles Tillon - Cimetière Communal;31;48.9184402364,2.39356309175
6012;Saint-Germain - Ciseaux;18;48.8533052776,2.33446546188
21501;Pont de Suresnes;52;48.8674150923,2.22589466796
9034;Godot de Mauroy - Madeleine;22;48.869789,2.326347
21707;Square Etienne Jarousse;25;48.824851826,2.29259334505
3102;Bourg l'Abbé - Saint-Martin;42;48.8639333195,2.3524062708
17024;Villiers - Batignolles;23;48.8812525385,2.31653843075
26004;Gare RER les Grésillons;22;48.9198986336,2.31458459136
3008;Perle - Vieille du Temple;36;48.8601346,2.3611206
8117;Place de la Madeleine - Royale;26;48.8692280526,2.32442110777
44014;Camille Risch - Paul Armangot;25;48.774703,2.373685
14103;Maine - Liancourt;27;48.835064364,2.32373144997
10006;Petites Ecuries - Faubourg Saint-Denis;28;48.8728712059,2.35421508551
26005;Hôtel de Ville d'Asnières sur Seine;30;48.9099933003,2.28823810816
9039;Chaussée d'Antin - Haussmann;28;48.87243,2.33359
21954;Val-Fleury;23;48.807671408,2.24072176963
1018;Alger - Rivoli;21;48.8647735535,2.32944939361
16139;Suresnes - Muette à Neuilly;30;48.8685704043,2.26600091904
32020;Jules Guesdes - Carnot;16;48.9382816993,2.35089920461
23303;Gare de Robinson;30;48.7799259212,2.28182863444
15012;Cambronne - Mademoiselle;67;48.84327733,2.30230766886
14027;Gergovie - Alésia;36;48.8308871746,2.31888210121
12102;Bercy - Traversiére;30;48.8461926426,2.37038008869
42205;Place Aristide Briand;35;48.8218923658,2.41300374269
12122;Bois de Vincennes - Polygone;51;48.8354449162,2.43142108144
5031;Lacépède - Linné;54;48.8437035477,2.35465127975
16107;Benjamin Godard - Victor Hugo;35;48.865983,2.275725
15026;Bir Hakeim;33;48.8538440543,2.28970534822
2017;Caire - Dussoubs;40;48.8678534211,2.3493643105
48003;Youri Gagarine - Karl Marx;22;48.7844848508,2.3590843007
92007;Pesaro - Préfecture;22;48.8957704628,2.22390834242
31022;Mairie de Montreuil;52;48.8613145276,2.44061440229
20112;Jourdain - Place des Grandes Rigoles;22;48.8740311373,2.38959476352
35010;Hoche - Jean Lolive;24;48.891102392,2.40284353495
17102;Alfred Roll - Berthier;34;48.8878085705,2.30009529818
11026;Chemin Vert - Saint-Maur;45;48.8611246141,2.38129902631
42010;Mairie d'Ivry-sur-Seine;53;48.8105712097,2.38428264856
21104;Madame de Sanzillon - Mozart;22;48.9037982077,2.31874018908
15201;Place Amédée Gordini - Lefebvre;38;48.8306173775,2.29206342083
8013;Marignan - Champs-Elysées;35;48.8694956612,2.3066138139
15033;Place Violet;30;48.8448789384,2.29057565331
5114;Claude Bernard - Arbalète;17;48.8397667698,2.34751090407
21502;Verdun - Place Henri IV;26;48.8707973756,2.22770031542
11114;Ledru-Rollin - Charonne;32;48.8534585561,2.37724635819
14139;Pierre Larousse - Raymond Losserand;30;48.8305956423,2.31191832572
18113;Lepic - Armée d'Orient;24;48.8875364038,2.3343077302
21706;Jean Bleuzen - Square du 11 Novembre;49;48.8232579,2.2965213
9026;Jean-Baptiste Pigalle - La Bruyere;17;48.8793982645,2.33370917334
16027;Mozart - Jasmin;62;48.8528612487,2.26848357065
18017;Caulaincourt - Place Constantin Pecqueur;44;48.889677905,2.33817871443
2013;Favart - Italiens;17;48.8714463539,2.33829010585
17116;Reims - Porte d'Asnières;26;48.8918344482,2.30014465995
11034;Parmentier - Fontaine au Roi;48;48.8678767055,2.37270597867
5030;Sorbonne - Ecoles;50;48.8496865662,2.34349966049
8029;Place du Canada;40;48.8653462694,2.31019378796
21004;Jean Jaurès - Reine;31;48.8400962256,2.2398725152
12120;Lac Daumesnil - Saint-Maurice;50;48.8277455574,2.41836547852
12010;Daumesnil - Picpus;21;48.8374688,2.401765
4107;Beaumarchais - Pas de la Mule;18;48.855580507,2.36843336734
22103;Senard - Charles Blum;24;48.8573158248,2.22109168768
8101;Londres - Amsterdam;23;48.8780344615,2.32648354097
32021;Place du Front Populaire - George Sand;35;48.906807137,2.36454121499
10110;Louis Blanc - Jemmapes;31;48.8793307553,2.36844856292
10037;Quai de Valmy;26;48.8812695158,2.36818604171
13039;Ivry - Simone Weil;18;48.823283932,2.36590951681
21030;Fessart - Château;20;48.84245,2.23989
32301;Mairie de Romainville;17;48.885109,2.435679
20108;Jardin de l'Hospice Debrousse;23;48.8614510619,2.40568600595
15030;Emeriau - Beaugrenelle;74;48.8479124971,2.28430598974
21401;Mairie de Clamart;33;48.800612,2.262151
18038;Rond-Point de la Chapelle;49;48.8951266093,2.35997110605
33016;Fort d'Aubervilliers;22;48.9150238237,2.4035281688
13009;Auguste Blanqui - Corvisart;26;48.8300989,2.3502726
17106;Berthier - Porte de Clichy;0;48.8943023236,2.31256279563
13025;Place de Rungis;32;48.8224559476,2.34738272948
1003;Saint-Denis - Rivoli;43;48.8590593408,2.34769430012
44011;Lebrun - Colonel Fabien;27;48.7826687073,2.38131780177
8027;Mairie du 8ème;14;48.877932,2.318264
21315;Jules Guesdes - Général de Gaulle;24;48.8193058129,2.27893419564
1020;Cambon - Rivoli;40;48.866143391,2.32518006471
7012;Cité Vaneau;26;48.8542210666,2.31961492449
16102;Pergolèse - Marbeau;27;48.8735687069,2.28151252253
19010;Emile Reynaud - Porte de la Villette;22;48.9009895363,2.38870225847
21215;Verdier - Jean Jaurès;33;48.8161404871,2.31235619634
4012;Tiron - Rivoli;28;48.8556922532,2.35790580511
10041;Gare du Nord - La Chapelle;18;48.8841782873,2.35610570759
42026;Barbès - Monique Maunoury;40;48.8155271882,2.36871693349
4018;Saint-Bon - Rivoli;19;48.8579996433,2.35021728098
21011;Silly - Louis Blériot;23;48.8321904537,2.23401993513
44008;Youri Gagarine - Commune de Paris;33;48.782427463,2.39397346973
20142;Mûriers - Père Lachaise;20;48.8641305097,2.39164982067
20003;Pyrénées - Cours de Vincennes;21;48.8477967799,2.40617215633
13006;Duméril - Jeanne d'Arc;41;48.8381516081,2.35710844956
8007;Rome - Provence;30;48.8742300556,2.32557011172
24007;Jean-Baptiste Charcot - Sainte-Geneviève;21;48.9031088372,2.27889295667
12040;Porte de Charenton;67;48.8312401059,2.39891074598
6003;Saint-Sulpice;21;48.8516538318,2.33080778271
33006;André Karman - République;31;48.9103987576,2.38513559103
43002;Lagny - Victor Basch;26;48.8488414719,2.42632541893
5005;Gay Lussac - Saint-Jacques;24;48.8447302561,2.34192394487
43401;Gare RER - Canadiens;45;48.8199530796,2.46417675246
8017;Rocher - Laborde;65;48.8759024071,2.32261631638
43008;Fontenay - Libération;25;48.8478030636,2.44514197111
14138;Porte de Vanves;32;48.8280128494,2.30568788946
14106;Marc Sangnier - Porte de Vanves;21;48.8252186836,2.31071166694
17105;Place Madeleine Daniélou;42;48.883498,2.282015
22016;Charles de Gaulle - Sablonville;26;48.8799192486,2.27637704462
8025;Miromesnil - La Boétie;35;48.8737224129,2.31584809721
15013;Volontaire - Lecourbe;31;48.843513788,2.30655223131
42301;Gare Arcueil - Cachan;26;48.799824,2.328171
20121;Boyer - Ménilmontant;19;48.8688951627,2.39198241456
11036;Jules Ferry - Faubourg du Temple Paris;58;48.868397,2.3678933
18110;Departement - Pajol;19;48.8866748497,2.36136116087
16121;Jardin d'Acclimatation;33;48.8787722425,2.27077223361
5021;Jussieu - Fossés Saint-Bernard;39;48.84718551,2.35348585993
17042;Porte Maillot - Pereire;52;48.877775,2.284444
16129;Ceinture du Lac Inferieure - Saint-Cloud;42;48.8621807093,2.26178716868
13104;Gare d'Austerlitz - Quai Saint-Bernard;27;48.8436903086,2.36571639776
18045;Pierre Ginier - Clichy;16;48.8867667,2.326228
32012;Carrefour Pleyel;36;48.9203415696,2.34385438263
21308;Bara - Henri Farman;36;48.8332180275,2.26775676012
12011;Charenton - Place du Col Bourgoin;35;48.8448673196,2.38257893505
23002;Pont de Levallois-bécon;50;48.8984179,2.2791311
15055;Vasco de Gama;54;48.8367178347,2.28366408565
21019;Edouard Vaillant - Paul-Adolphe Souriau;28;48.8348458588,2.24794596434
18032;Porte de Clignancourt;56;48.897488,2.343996
6107;Place Alphonse Deville;23;48.8501882627,2.32759617269
41204;République - Danton;20;48.8524917218,2.46203452349
15070;Balard - Montagne de la Fage;36;48.8385074033,2.27828711271
16029;Maison de Radio - France;47;48.8513288643,2.27778553963
13122;Parc de Choisy;25;48.8281562516,2.3585135329
13103;Hôpital Pitié Salpêtrière;50;48.8377016,2.3604946
32603;Calmette;32;48.881049251,2.42499321699
18135;Ney - Porte de Montmartre;25;48.897918,2.3364872
1016;Thérèse - Opéra;25;48.8664835145,2.33443342122
13113;Vistule - Choisy;33;48.8236554366,2.36157238483
21108;Mairie de Clichy;51;48.9036536347,2.30593532324
12129;Bois de Vincennes - Porte Jaune;35;48.8387512467,2.46054891497
8011;Clapeyron - Moscou;15;48.8807881951,2.32481505722
19036;Hôpital Robert Debré;33;48.880052222,2.40086503463
15125;Parc Suzanne Lenglen;52;48.8332506905,2.27654032409
21118;Neuilly - Petit;16;48.8989653613,2.29627937078
21029;Cours de l'Ile Seguin - Parc Billancourt;29;48.8271405584,2.23423451185
15072;Place Fernand Forest;33;48.8492691438,2.28186316788
17023;Porte d'Asnières;36;48.8903581761,2.30362862349
44101;Place Mongolfier;39;48.8151600301,2.45928794146
21402;Place Aimé Césaire;27;48.7831947131,2.24291279912
11033;Bréguet - Sabin;33;48.8569316783,2.37067494621
17009;Paul Bodin - Clichy;34;48.8923961462,2.31714259833
20034;Sorbier - Ménilmontant;24;48.8685423957,2.38977212459
13051;Halle Freyssinet - Parvis Alan Turing;23;48.8328468145,2.37114217132
4103;Archives - Rivoli;25;48.8573467074,2.35397670418
4014;Blancs-Manteaux - Archives;29;48.859418007,2.35594712198
18136;Poulet - Barbès;20;48.887148,2.349064
19111;Cesaria Evora - Rosa Parks;40;48.8971767283,2.37451739609
19130;Place Paul Delouvrier;26;48.8919762143,2.38512888551
21505;Édouard Vaillant - Place Jean Jaurès;24;48.86265538,2.20890373191
1116;Ventadour - Opéra;27;48.8668106533,2.33438844825
31020;Résistance - Parmentier;35;48.8596513813,2.43670508265
35005;Quai de l'Aisne - Général Leclerc;27;48.895713,2.400571
2006;Place des Victoires;24;48.8660354,2.3420333
23042;André Theuriet - Blagis;30;48.7797732575,2.31305256486
19006;Mathis - Flandre;55;48.8906429899,2.37625546753
23041;Général Leclerc - Bièvre;25;48.7824144287,2.31666952372
8052;Balzac - Champs Elysées;30;48.8726996396,2.30019539595
13036;Olympiades;36;48.8267646652,2.36508607864
16025;Jean de la Fontaine - Boulainvilliers;68;48.8526479146,2.27586641908
18101;Championnet;22;48.8953643,2.3498166
6004;Regard - Rennes;46;48.847385405,2.32685554773
11016;Philippe-Auguste;48;48.8518534883,2.39329453558
5105;Geoffroy-Saint-Hilaire - Saint-Marcel;17;48.8390782642,2.35687734067
17048;De Toqueville - Terrasse;30;48.882428,2.314002
14013;Liard - Amiral Mouchez;14;48.8214169,2.342167
16110;Octave Feuillet - Albéric Magnard;21;48.8610690295,2.27302830666
26003;Argenteuil - Voltaire;16;48.9186486596,2.28141121566
12151;Gare de Lyon - Place Louis Armand;60;48.8455150898,2.37264984463
19026;Place de Rhin et Danube;17;48.8819276586,2.39258676767
8034;Berri - Haussmann;35;48.8747460474,2.3082953319
14036;Boulard - Daguerre;45;48.8344647268,2.32933860272
48010;Karl Marx;16;48.7845279373,2.36466679795
13002;Arago - Glacière;27;48.8348605478,2.34457705243
21110;Parc Roger Salengro;36;48.9053038586,2.31055945158
9005;Square d'Anvers;34;48.8826334843,2.34488440621
42504;Gare RER de Gentilly;30;48.8142804504,2.34103471041
14021;Place de la Porte de Châtillon;59;48.8242469,2.3186306
41606;Pasteur - Gambetta;19;48.8457279738,2.42360115051
17037;Bayen - Pereire;22;48.8818044091,2.29210887104
25005;18 juin 1940 - Buzenval;25;48.868807,2.185428
16018;Flandrin - Henri Martin;18;48.8643275,2.2724174
33019;Madeleine Vionnet;34;48.9025190741,2.37408958375
31705;Champeaux - Gallieni;50;48.8644591347,2.41617780179
41604;Lagny - Joffre;31;48.8493068708,2.41794973612
7006;Quai Voltaire;32;48.8589429862,2.33141820471
42503;Vladimir Ilitch Lénine - Andrée Chedid;31;48.8131995,2.33214586973
32017;Basilique;22;48.9362689106,2.35886668202
20023;Pelleport - Belgrand;15;48.8650008185,2.40398083638
35003;Gabrielle Josserand - Edouard Vaillant;25;48.9027156626,2.39332705736
15031;Théâtre - Lourmel;53;48.8482070398,2.28986587375
21014;Hameau Fleuri - Marché;22;48.8314488926,2.2412404418
16122;Route de la Muette - Porte de Neuilly;50;48.8798926,2.2587671
20137;Borrégo - Gambetta;25;48.8733049705,2.40141458809
19023;Manin - Simon Bolivar;26;48.8764996541,2.3794073626
2010;Uzès - Montmartre;29;48.8707909802,2.34310101718
32018;Franciade - Gabriel Péri;26;48.9326149933,2.35595449805
18014;Léon - Doudeauville;13;48.8883242185,2.35357337264
23005;Gare de Clichy-Levallois;26;48.8967982748,2.29846805334
14128;Gergovie - Vercingétorix;29;48.8345341388,2.31315454743
12125;Pyramide - Parc Floral;50;48.837442,2.440452
21115;Chancé Milly - Cimetière Communal Sud;32;48.8968718938,2.30392232537
10012;Vinaigriers - Magenta;25;48.8731167,2.3593052
21702;Gare SNCF Vanves-Malakoff;51;48.8190021638,2.2921500051
44016;Balzac - Olympes de Gouges;28;48.7785033249,2.400678657
17123;Mstislav Rostropovitch - Berthier;18;48.8921208212,2.30923410505
41211;Louis Xavier de Ricard - Ancienne Mairie;34;48.8462989907,2.47242037207
12101;Charenton - Prague;26;48.84817513,2.37635844943
20022;Porte de Bagnolet;33;48.8647071391,2.40834463735
20104;Louis Lumière;22;48.8621619807,2.41112578186
17019;Phalsbourg - Villiers;20;48.882423079,2.30904534459
4108;Quai de Béthune - Pont de la Tournelle;25;48.8509743319,2.35630720854
32013;Université;24;48.9456343095,2.363829799
15111;Olivier de Serres - Leriche;25;48.8346022172,2.2957482934
14022;Didot - Mariniers;35;48.8265054361,2.31313619827
19012;Lally-Tollendal - Armand Carrel;28;48.8827006622,2.37471755594
18015;Custine - Ramey;41;48.8887358969,2.34695266932
32019;Place du 8 mai 1945;30;48.9388822721,2.35662437975
12165;Champs de Manoeuvre - Cartoucherie;0;48.8340712158,2.44561329738
6026;Saint-Placide - Cherche Midi;66;48.8490535919,2.32531797141
17021;Jouffroy d'Abbans - Villiers;34;48.884215547,2.30565335602
5003;Le Goff - Gay-Lussac;35;48.846102401,2.34122078866
11022;Roquette - Auguste Laurent;16;48.858001906,2.38179770265
20012;Buzenval - Vignoles;17;48.8538581717,2.40000408143
14009;Tombe Issoire - René Coty;36;48.8305128767,2.33436137438
16116;George Sand - Jean de La Fontaine;30;48.8498691876,2.26825738753
11029;Ménilmontant - Oberkampf;40;48.8666176587,2.38301344042
15114;Pasteur - Cotentin;33;48.8389284,2.316356
8003;Galilée - Vernet;17;48.8717158787,2.2985444963
14025;Jacquier - Didot;30;48.8295333629,2.31817927212
12109;Mairie du 12ème;30;48.8408553118,2.38755494356
14111;Cassini - Denfert-Rochereau;25;48.8375258391,2.33603540808
22207;Rond-point du Dr Albert Schweitzer;22;48.7898091899,2.31439400464
9008;Tour d'Auvergne - Rodier;17;48.879161,2.343698
41303;Gare de Nogent-le-Perreux;32;48.8384255335,2.49369330704
10162;Alexandre Parodi - Quai de Valmy;24;48.8793594194,2.36659616232
15112;Vigée-Lebrun - Anselme Payen;24;48.8386839416,2.3110422492
15042;Henry Farman;16;48.8337243028,2.27138545364
8045;Place de la Reine Astrid;58;48.8649209825,2.30254918239
21312;Lucie Aubrac - Fort;30;48.818144834,2.27118462324
15054;Lecourbe - Jean Maridor;19;48.8379636615,2.28773921728
16008;Galilée - Kléber;33;48.8674118657,2.29078138011
16108;Sablons - Georges Mandel;38;48.863875,2.28189
19032;Villette - Belleville;48;48.8726877314,2.37646132708
16136;Théophile Gautier - François Millet;30;48.8503482132,2.27302998304
8057;Hoche - Tilsitt;33;48.8748364578,2.29713231325
24001;Arche - Léonard de Vinci;28;48.8979097249,2.23837230436
11035;Parmentier - Abel Rabaud;53;48.8692127384,2.37168882124
42302;Aristide Briand - Gare de Bagneux;22;48.7938726966,2.32114881277
19008;Flandre - Alphonse Karr;26;48.89465,2.381868
32016;Place de la Porte de Paris;40;48.9300936321,2.35640376806
41402;Victor Hugo - Ecoles;25;48.8047600794,2.41803739303
10113;Parmentier - Hôpital Saint-Louis;43;48.8713798743,2.36989638367
17011;Fragonard - Porte de Clichy;56;48.8941556334,2.31438931078
15122;Place Charles Vallin;26;48.835523812,2.30259865522
20120;Evariste Galois;30;48.8730875373,2.41333801299
20040;Parc de Belleville - Julien Lacroix;26;48.8703459,2.3842214
13026;Place Jean Delay;35;48.823316,2.354336
31019;Vincennes - Douy-Delcupe;38;48.8549369216,2.43604928255
44012;Génie - Mozart;19;48.7949023812,2.37341836095
9117;Bellefond - Maubeuge;31;48.8782553976,2.34526421875
12107;Diderot - Pierre Bourdan;21;48.8476486208,2.39025827497
7008;Villersexel - Saint-Germain;16;48.8582970012,2.32379347086
15059;Parc André Citroën;65;48.8406399443,2.27806180716
16016;Paul Doumer - La Tour;34;48.8601161096,2.28084048191
7110;Quai Anatole France - Musée d'Orsay;12;48.8612117406,2.32424609363
33005;République - Henri Barbusse;32;48.9066155363,2.38943248987
10164;Claude Vellefaux - Sambre et Meuse;34;48.875022,2.370478
8049;Georges V - François 1er;22;48.87034,2.30082
22012;Madeleine Michelis - Roule;25;48.882604313,2.27736342698
31017;Jean Moulin - Paul Doumer;20;48.8622179855,2.45533436537
92005;Gare de Nanterre Ville;43;48.8950295,2.1957932
14101;Gare Montparnasse - Edgar Quinet;33;48.8414878511,2.32332322828
5014;Jean Calvin - Tournefort;28;48.8415885693,2.34848957509
22206;Louis Pasteur - Albert Petit;31;48.796261,2.317289
24003;Place Charles de Gaulle;28;48.8966431015,2.25257009268
13516;Glacière - Soeur Catherine Marie;40;48.8295229894,2.34357040375
7109;Place Joffre - Frédéric le Play;38;48.8537544869,2.30442423373
10019;Paradis - Hauteville;31;48.8749999547,2.35227574019
5007;Ecoles - Carmes;36;48.848904448,2.34734863043
8044;Alfred de Vigny - Place du Général Brocard;33;48.8783613836,2.30525444822
14132;Bézout - Général Leclerc;30;48.828848045,2.32859730721
4009;Village Saint-Paul;28;48.8526398666,2.3607301712
6007;Bréa - Raspail;24;48.8427384783,2.32979422176
12123;Château de Vincennes;52;48.8442319326,2.43920953771
13024;Bobillot - Tolbiac;33;48.8255961335,2.3502041772
15069;Félix Faure - Convention;44;48.841249336,2.28838660085
15024;Suffren - La Motte-Piquet;23;48.8508812309,2.30121999979
41602;Place Charles Digeon;32;48.8435420313,2.41842716932
14004;Port Royal - Hôpital Cochin;23;48.8383732338,2.34071787447
14035;Maine - Jean Zay;50;48.8379252639,2.32254289091
20005;Reynaldo Hahn - Lagny;19;48.8492660436,2.41233032884
6005;Montparnasse -  Square Ozanam;49;48.8433105678,2.32652429491
21007;Rond-Point Rhin et Danube;53;48.840452821,2.22802251577
13013;Saint-Marcel - Hôpital;21;48.8395044246,2.36098941702
5110;Lacépède - Monge;23;48.8438928653,2.35196638852
7011;Las Cases - Bourgogne;22;48.8590911047,2.3185685277
13118;Regnault - Patay;63;48.8243578222,2.37706515938
9038;Douai - Bruxelles;27;48.8832078412,2.3308449949
1001;Quai de l'Horloge - Pont Neuf;17;48.8570587391,2.34179828394
8036;Lisbonne - Monceau;33;48.8774556768,2.30969422142
9022;Rossini - Laffitte;33;48.8733462751,2.3379808677
20042;Pyrénées - Emmery;40;48.8720102813,2.39203959703
15067;Desaix - Edgar Faure;12;48.8528046049,2.29307702986
21212;Marne - Germain Dardan;22;48.811542704,2.30307072401
42706;Roger Salengro - Fontainebleau;25;48.8145486973,2.36116636544
20131;Repos - Cimetière du Père Lachaise;33;48.8593585236,2.38961313668
42027;Verdun - Pierre et Marie Curie;0;48.8127388528,2.37079328705
35020;Marcelle - Thalie;20;48.8835462,2.4137883
19029;Seine - Flandre;19;48.8867857415,2.37461932003
19013;Laumière - Petit;34;48.8846736854,2.38003905863
26007;Square Gilbert Thomain;20;48.9071737381,2.26954009384
19005;Flandre - Riquet;21;48.8880132814,2.37375959552
15025;Dupleix - du Guesclin;47;48.8514791041,2.29670953006
11102;Alexandre Dumas - Voltaire;59;48.8528886704,2.38914764081
19004;Quai de la Loire - Jean Jaurès;16;48.8833973385,2.37107452298
20043;Charonne - Avron;27;48.8516026652,2.39840304704
19019;Petit - Manin;22;48.8865068753,2.39381554013
17018;Parc Monceau;18;48.8810779141,2.30954926461
21105;Morice - Général Leclerc;25;48.9024547198,2.31289297342
20109;Haxo - Surmelin;21;48.8694370761,2.40539657538
32014;Place du Cornillon - Stade de France;34;48.9254069584,2.36444268376
44102;Verdun - Adrien Damalix;26;48.8222334179,2.42153283209
22001;Château - Bineau;23;48.8904040286,2.27010637522
9031;Provence - Chaussée d'Antin;25;48.8742844754,2.33297651156
47004;Stade Auguste Delaune;21;48.8089637868,2.43452042341
18008;Square Léon;33;48.8866739679,2.35320556909
10010;Place Jacques Bonsergent;33;48.8709482186,2.3612049222
1117;Pont Neuf - Rivoli;27;48.8600898926,2.34405755997
31023;Place François Mitterand;34;48.8649278202,2.4429583177
15020;Mairie du 15ème;32;48.8417762,2.2986539
10026;Gare de l'Est - Chateau Landon;59;48.879305,2.362424
9013;Mairie du 9ème;24;48.8732671376,2.34075344805
13047;Boutroux - Porte de Vitry;49;48.822632,2.377738
22009;Charles de Gaulle - Orléans;26;48.880922251,2.27158159018
19124;Alexander Fleming - Belvédère;31;48.881790642,2.40305993776
14113;Santé - Arago;38;48.8350765756,2.3415737262
12006;Gare de Lyon - Van Gogh;51;48.8438397856,2.37044502404
16007;Longchamp - Place d'Iéna;40;48.8649172334,2.29267481714
5034;Censier - Santeuil;69;48.8406589214,2.35375240445
20122;Vitruve - Davout;23;48.8605316115,2.40915928126
4016;Lobau - Hôtel de Ville;60;48.8562118,2.3532536
14131;Jourdan - Monticelli;30;48.822032,2.329095
22303;Lucien Lanternier - Le Luth;27;48.9315943056,2.28897839785
92001;Mairie de quartier du Plateau - Mont-Valérien;20;48.8799933,2.2072437
15004;Vaugirard - Pasteur;21;48.840408688,2.3154367134
19128;Quai de l'Oise - Aisne;30;48.8906231,2.3833701
18044;Clichy - Douai;32;48.8841183189,2.32872873545
12038;Picpus - Louis Braille;44;48.8399887889,2.40052566855
12035;Madagascar - Meuniers;33;48.8346046447,2.3970650509
41403;Gare RER - Malleret-Joinville;20;48.802936,2.42531
16005;Raymond Poincaré - Place Victor Hugo;25;48.8703061244,2.28507454142
11112;Jules Vallès - Charonne;23;48.8542843799,2.38476745784
19110;Square Claude Bernard;30;48.8987601622,2.37532574683
5015;Epée de Bois - Mouffetard;63;48.8415086904,2.35006671399
18004;Place des Abbesses;12;48.8845427261,2.33868677169
3010;Beaubourg - Michel-le-Comte;18;48.8625349418,2.35431030393
2015;Louis le Grand - Italiens;33;48.8705089372,2.33405446194
12020;Cours de Vincennes - Soult;45;48.8469187616,2.4105220288
19129;Solitaires - Place des Fêtes;29;48.876601,2.391769
35012;Candale - Mehul;25;48.8893935006,2.41437971592
22601;Marx Dormoy - Château Sainte-Barbe;22;48.7917823411,2.29785684496
21119;Belfort - Victor Hugo;24;48.9018492,2.3172724
11014;Place de la Nation - Taillebourg;47;48.8488408,2.3973043
16017;Siam - La Pompe;16;48.861720329,2.27534656856
22404;Pierre Brossolette - 12 Février 1934;25;48.8176962417,2.30761237442
21023;Ancienne Mairie - André Morizet;25;48.838311,2.234077
15044;Dantzig - Lefebvre;33;48.8301392159,2.29593403637
8039;Colisée - Champs-Elysées;24;48.8704753994,2.30761907995
22007;Commandant Charcot - Bretteville;36;48.8753057077,2.25584607571
5001;Harpe - Saint-Germain;46;48.851518815,2.34367031604
13007;Le Brun - Gobelins;48;48.8350927878,2.35346813513
6021;Beaux-Arts - Bonaparte;20;48.8564519854,2.33485188335
44017;Jules Guesde - Pont du Port à l'Anglais;30;48.7962880709,2.41721212864
7004;Raspail - Varenne;18;48.8531478165,2.32639051974
11113;Richard Lenoir - Republique;58;48.8667175,2.3692541
19044;Grands Moulins de Pantin;50;48.8973836972,2.39599853754
18046;Etienne Jodelle - Saint Ouen;33;48.8879401639,2.32612442031
21005;Hôtel de Ville de Boulogne Billancourt;26;48.8349588517,2.24168032408
21015;Nationale - Place Jules Guesde;23;48.8275396246,2.24160522223
15034;Lakanal - Commerce;53;48.8444246279,2.29405917227
18009;Jean-François Lépine - Stephenson;22;48.886114668,2.35685562753
32302;Chemin Vert - Fraternité;20;48.8771412084,2.44615651667
9032;Mathurins - Auber;36;48.8729888407,2.32949842123
20111;Villiers de l'Isle Adam - Pyrénées;20;48.867362,2.396222
43003;Hôpital Bégin;26;48.8457167211,2.42724627256
21313;Guynemer - Séverine;26;48.8309174337,2.27907065302
32303;Gaston Roussel - Commune de Paris;30;48.8943203455,2.43255227442
11115;Montreuil - Gonnet;24;48.8505005649,2.38908562879
32602;Mairie des Lilas;47;48.8792834,2.4160182
43402;Place de Verdun;40;48.8202823,2.473775
19115;Porte de la Villette;27;48.8983519655,2.38615013659
32010;Place aux Étoiles;40;48.9183562941,2.35234256834
21403;Gare de Clamart;14;48.813835356,2.27227896452
35009;Jean Lolive - Parc Stalingrad;23;48.892061744,2.40917354822
12032;Porte Dorée;36;48.8354337,2.4077132
16004;Université Paris Dauphine;0;48.87070784,2.27486561984
6030;Assas - Vaugirard;35;48.8482741114,2.32924137264
47005;Ecole Vétérinaire;36;48.8148885982,2.42243621578
19127;Aubervilliers - Curial;23;48.8908830523,2.36885793507
14112;Méchain - Faubourg Saint-Jacques;16;48.835867721,2.33798034198
32015;Gare RER de Saint-Denis;40;48.9355432425,2.34714880586
1120;Lavandieres Sainte Opportune - Rivoli;27;48.8592797025,2.34662175179
8001;Petit Palais;43;48.8667692,2.3157655
12161;Diderot - Reuilly;44;48.8472084561,2.38612733781
15107;Palais des Sports;22;48.8334685174,2.28587206453
7016;Surcouf - Université;58;48.8612730163,2.30945355091
9015;Lamartine - Faubourg Montmartre;32;48.8766139829,2.33976569027
12033;François Truffaut - Saint Emilion;66;48.8337235434,2.38660190327
21009;Le Corbusier - Jean Jaurès;46;48.8378083056,2.24083811045
22403;Pierre Brossolette - Adolphe Pinard;24;48.8217722795,2.31315582991
13117;Stade Georges Carpentier;40;48.8204824384,2.36683219671
17029;Pierre Demours - Laugier;37;48.8813072,2.294846
17033;Carnot - Général Lanrezac;33;48.8754438707,2.2938242935
12105;Bercy - Villot;34;48.841795009,2.37678501848
22008;Charles de Gaulle - Graviers;28;48.8831517592,2.26488143206
18027;Damrémont - Ordener;30;48.893400393,2.33626652391
4001;Arcole - Notre-Dame;31;48.8538835413,2.3493797332
4002;Marché aux fleurs;23;48.8552581154,2.34737545252
43010;La Jarry - Place Diderot;25;48.8497269404,2.45201379061
6027;Blaise-Desgoffe - Vaugirard;32;48.8461288777,2.32426721603
5115;Buffon - Jardin des Plantes;30;48.8426684661,2.36185871065
33014;Parc Eli Lotar;20;48.9184499305,2.37270858139
23102;Hôtel de Ville;32;48.8243635613,2.21310473979
16105;Crevaux - Bugeaud;31;48.8708094287,2.28114900769
48004;Maxime Gorki - Louis Aragon;20;48.7890981473,2.36838787794
16042;Murat - Porte de Saint-Cloud;38;48.8375086262,2.25776519626
47003;Charentonneau - Maisons Alfort;20;48.8099329805,2.4432884565
20029;Frères Flavien - Porte des Lilas;23;48.8780992764,2.41104629853
3009;Temple - Haudriettes;19;48.8616368802,2.35669602065
5122;Saint-Michel - Luxembourg;0;48.845,2.339787
3003;Fille du Calvaire - Turenne;29;48.8621050541,2.36496001482
16044;Porte de Saint Cloud - Parc des Princes;32;48.8386627571,2.2525164485
2009;Filles Saint-Thomas - Place de la Bourse;58;48.8688998909,2.33975438452
2008;Mairie du 2ème;28;48.8672190355,2.34046254377
12157;Fabre d'Eglantine - Place de la Nation;68;48.8471116,2.3956204
18112;Arthur Ranc - Hôpital Bichat;26;48.8978712501,2.33352184296
19118;Simon Bolivar - Henri Turot;22;48.876887,2.374454
42024;Danielle Casanova - Ledru-Rollin;28;48.8157834979,2.3832597211
11111;Léon Frot - Charonne;19;48.8549638003,2.38721708537
20110;Gambetta - Tourelles;20;48.8753379023,2.40599211305
20020;Pyrénées - Charles Renouvier;29;48.8609593323,2.40042185204
15045;Porte de la Plaine;35;48.8280516961,2.29242771864
6028;Quatre Vents - Carrefour de l'Odéon;37;48.8517513745,2.33816169513
16023;Passy - Place du Costa Rica;33;48.8584893,2.2839655
16104;Paul Valery - Victor Hugo;35;48.8713740608,2.28871285915
13037;Ivry - Baudricourt;20;48.8246959954,2.36310607358
6108;Saint-Romain - Cherche-Midi;17;48.8470815908,2.32137478888
42016;Pierre et Marie Curie - Maurice Thorez;27;48.8158022636,2.37680498511
25006;Place Nelson Mandela;22;48.8620909377,2.19657629728
13101;Croulebarde - Corvisart;34;48.8309816593,2.34816469252
43009;Place Jean-Spire-Lemaître;50;48.8468428627,2.45206207037
19105;Ambroise Rendu - Porte Brunet;17;48.883667,2.395733
10025;Jemmapes - Ecluses Saint-Martin;15;48.8774851919,2.36600674689
17012;Mairie du 17ème;24;48.8841618487,2.3220794311
11047;Amelot - Saint-Sébastien;30;48.8611421628,2.36779961811
5032;Panthéon - Valette;39;48.8470205717,2.34649826197
14003;Schoelcher - Raspail;50;48.8368173353,2.33127940804
5018;Mutualité;37;48.8482255727,2.35028732568
15106;Grenelle - Violet;35;48.8499303551,2.29461204261
5124;Erasme - Ulm;24;48.8426437527,2.34459467232
32604;Square du Théâtre du Garde-Chasse;50;48.8812873751,2.42011964321
15046;Parc Georges Brassens - Brancion;29;48.8322782927,2.30225700885
17028;Reims - Raymond Pitet;37;48.8888,2.296319
21302;Aristide Briand - Place de la Résistance;25;48.821242484,2.25110024214
16111;Faustin Hélie - Desbordes-Valmore;33;48.859403,2.276522
12115;Porte de Vincennes;33;48.846454,2.415514
24002;Gare de Courbevoie;36;48.8993867,2.2506506
12106;Gare de Lyon - Roland Barthes;68;48.8439572949,2.37908821553
33003;Bordier - Félix Faure;48;48.9039075188,2.38300591707
15126;Ernest Renan - Parc des Expositions;50;48.8308975701,2.2853584215
12126;Gravelle - Route du Bac;51;48.824407,2.418455
17017;Gare de Pont-Cardinet;34;48.8871390148,2.31449414399
7014;Saint-François-Xavier;42;48.8515448477,2.31461495161
6103;Mézières - Rennes;55;48.8502345932,2.33038198203
19109;Tanger - Place du Maroc;19;48.8862524447,2.36892968416
22101;Gare Routière de Saint Cloud;31;48.842881839,2.22224503756
18025;Mairie du 18ème;40;48.8929392969,2.34455108643
11040;Temple - Jean-Pierre Timbaud;36;48.864465972,2.36605972052
18109;Pajol - Riquet;47;48.8896002813,2.36285347492
18029;Emile Blemont - Poteau;39;48.8943782,2.3415122
31703;Sadi Carnot - François Mitterrand;27;48.8753268767,2.4241617322
11010;Boulets - Faubourg Saint-Antoine;43;48.8492592621,2.39175461419
9017;Lallier - Trudaine;29;48.8810924662,2.34082248062
16112;Chernoviz - Raynouard;37;48.8569864146,2.28217321814
15003;Gare Montparnasse - Vaugirard;66;48.8418071799,2.3195100269
31013;Centenaire - Sorins;45;48.8585352336,2.42735087872
18001;Damrémont - Caulaincourt;18;48.8871450908,2.33258809894
35008;Place de l'Eglise;30;48.8928094615,2.41243511438
5028;Censier - Jardin des Plantes;28;48.8410717816,2.35547538847
20117;Saint-Fargeau - Mortier;33;48.8726665612,2.40791290998
31101;Jules Guesde - Laennec;19;48.876289839,2.50069420785
21316;Cimetière Communal;24;48.8176997739,2.26093120873
22604;Hôtel de Ville de Fontenay-aux-Roses;34;48.7908446035,2.28714559303
20007;Buzenval - Avron;50;48.851617205,2.40151359731
42701;Charles Gide - Fort de Bicêtre;30;48.8071937957,2.35398441553
13109;Brillat-Savarin - Küss;21;48.822203,2.350422
35007;Benjamin Delessert - Jean Lolive;21;48.8939204362,2.41798192263
13106;Bobillot - Paulin Mery;23;48.8298998417,2.35433567667
15064;Javel - André Citroën;45;48.8462764855,2.27863680571
23004;Paul Vaillant-Couturier - Victor Hugo;36;48.8981970226,2.29384801797
9027;Douai - Pierre Fontaine;25;48.8822910115,2.33324121684
35006;Delizy - Louis Nadot;23;48.8962128456,2.40945786238
14137;Maurice d'Ocagne - General Maudhuy;30;48.8241428252,2.31587894261
12028;Vivaldi - Antoine-Julien Hénard;27;48.8419236633,2.38972897947
13123;Bibliothèque Nationale de France;42;48.8350268238,2.3760157451
14032;Mairie du 14ème;32;48.8325457812,2.32549231499
41203;Stalingrad - Rigollots;20;48.8499740384,2.45557576418
4006;Bourdon - Pont Morland;52;48.8478103,2.3659356
12037;Reuilly - Daumesnil;36;48.8395385,2.3972516
9009;Square Montholon;21;48.8766203775,2.34576411545
18034;Leibniz - Jean Dollfus;32;48.8963283485,2.33339042383
10034;Louis Blanc - La Chapelle;21;48.8840089645,2.35993355513
20006;Pyrénées - Plaine;12;48.8502670246,2.4062821269
12112;Charenton - Jardiniers;31;48.8338217729,2.39469266411
3011;Turbigo - Réaumur;31;48.8655740475,2.35641986132
22503;Joffre - Aigle;20;48.904033,2.245096
48005;Eugène Varlin - Place de la Paix;23;48.792862,2.363093
2004;Square Pierre Lazareff;17;48.8671417207,2.34839335084
1025;Oratoire - Rivoli;18;48.8613427609,2.34000474215
12113;Cardinal Lavigerie;46;48.8329341937,2.4026367494
20010;Sorbier - Gasnier-Guy;34;48.865217631,2.39365965128
21704;Place du Maréchal de Lattre de Tassigny;27;48.8217077153,2.28534314854
19121;Belleville -  Pré Saint-Gervais;21;48.8755659101,2.39304609597
19045;Macdonald - Césaria Evora;67;48.89883,2.37933
24005;Edith Cavell - Volta;33;48.9016165643,2.26935435086
19102;Rampal - Belleville;17;48.8730216016,2.37991098315
21205;Arthur Auger - Jean Jaurès;26;48.8137364456,2.30692774057
20011;Pyrénées - Dagorno;20;48.8554257707,2.4051643163
19001;Crimée - Ourcq;56;48.8941041403,2.37294608847
14014;Jourdan - Stade Charléty;60;48.8194283334,2.34333537519
5022;Boulangers - Cardinal Lemoine;20;48.8462904,2.3521495
6001;Institut de France;17;48.8576156786,2.33583135304
22409;Henri Barbusse - Stalingrad;16;48.8141837487,2.28728625923
17004;Legendre - Clichy;40;48.8889616186,2.32252897509
19101;Square Simon Bolivar;24;48.8750898883,2.38263040781
13001;Port-Royal - Hôpital du Val-de-Grâce;18;48.8376682728,2.34481383466
21306;Place Lafayette;62;48.8296549755,2.26386755705
19024;Botzaris - Parc des Buttes Chaumont;20;48.877951,2.381464
5106;Cujas - Saint-Michel;19;48.8481913486,2.34183165485
15021;Joseph Liouville - Croix Nivert;64;48.8448354712,2.29750849307
19016;Hautpoul - Jean Jaurès;32;48.8863936794,2.38654145444
31010;Stalingrad - Désiré Chevalier;42;48.8567016974,2.44507223368
11007;Jean Macé - Faidherbe;63;48.8533754843,2.38286208361
35018;Ancien Canal - Hélène Brion;23;48.894847993,2.41883385926
20036;Ménilmontant - Pelleport;19;48.8706826338,2.39895960233
33001;Victor Hugo - Magasins Généraux;34;48.9032814011,2.36807238311
27002;Parc Pierre Lagravère;30;48.9265048813,2.23906967849
18020;Francoeur - Marcadet;20;48.8910412326,2.34001458544
21013;Pierre Grenier - Pont de Billancourt;21;48.8258020743,2.2487989068
10023;Gare de l'Est - Verdun;14;48.8761560543,2.36091490832
17046;Mac-Mahon - Brey;25;48.8775320841,2.29451253605
18049;Porte d'Aubervilliers;55;48.8985966194,2.36897226423
16015;Bassano -  Iéna;15;48.8681445105,2.29614960099
20201;Eugène Reisz - Davout;20;48.8563187463,2.41039697081
22102;Mont Valérien - Michel Salles;24;48.8561915,2.2152966
12041;Bois de Vincennes;60;48.8338064,2.4132221
31704;Jeanne Hornet - Girardot;29;48.8738026814,2.42782026529
14116;Romain Rolland;25;48.8202152297,2.32341442344
18019;Square Raymond Souplex;52;48.8918372148,2.33542610317
5019;Poissy - Saint-Germain;25;48.8496964943,2.35296852887
6031;Pierre Sarrazin - Saint-Michel;33;48.8509081464,2.34213072807
12154;Square Georges Melies;40;48.8407023921,2.40966774523
19021;Mairie du 19ème;27;48.8825626425,2.38126248121
20045;Louis Ganne - Davout;30;48.8633872069,2.409725748
8032;Matignon - Faubourg Saint-Honoré;36;48.8714785912,2.31397792697
13110;Moulin de la Pointe;22;48.8209294605,2.35631793737
18114;Véron - Lepic;23;48.885261234,2.33455985785
7024;Rapp - Place du Général Gouraud;31;48.8581028851,2.30040729046
19113;Pré Saint-Gervais - Lilas;28;48.877870627,2.39590734243
11031;Jacquard - Ternaux;39;48.8646605,2.373162
13048;Wurtz - Tolbiac;28;48.8263119562,2.34458595514
7111;Ecole Militaire - Place Joffre;26;48.8520602036,2.30179935694
13121;Bruneseau - Quai d'Ivry;48;48.8249456376,2.38856613636
15043;Brancion - Lefebvre;11;48.8290022279,2.30143103816
16003;André Maurois - Joseph et Marie Hackin;29;48.8778983,2.2789591
42501;Raspail - Albert Schweitzer;28;48.81031545,2.34395871
12007;Gare de Lyon - Chalon;45;48.8456661942,2.37414523959
15057;Lucien Bossoutrot - Général Martial Vallin;39;48.8369560463,2.27410722524
13044;Place Jeanne d'Arc;36;48.829575,2.369126
9024;Taitbout - La Fayette;53;48.8733298892,2.33526259661
15018;Dutot - Place Alleray;56;48.8368260918,2.30717010956
13018;Bruant - Vincent Auriol;25;48.8348484529,2.36682649963
45002;Roger Salengro - Général de Gaulle;27;48.8200290104,2.48467605561
16037;Molitor - Michel-Ange;53;48.8451820815,2.26211277357
2021;Cléry - Montmartre;44;48.867458,2.3445211
44001;Quai Jules Guesde - Saint-Simon;30;48.8039148722,2.40896616203
3004;Place de la République - Temple;18;48.8672112019,2.36354643705
27006;Victor Hugo - Gare;22;48.9231339527,2.26009704173
42019;Lampes;43;48.8115248199,2.40179311484
23103;Manufacture Nationale;28;48.828785141,2.22372226417
18016;Francoeur - Caulaincourt;34;48.889994441,2.34252970666
19117;Euryale Dehaynin - Loire;30;48.8862489173,2.37745910883
48002;LCL Campus - Place Oscar Niemeyer;37;48.8053424806,2.36398369074
15050;Dominique Pado - Croix Nivert;22;48.8364879816,2.28972505778
5033;Saint-Séverin - Saint-Michel;30;48.8527313055,2.34409276396
7023;Bourdonnais - Tour Eiffel;60;48.8608977979,2.29559959845
8046;Marceau - Président Wilson;32;48.8652359,2.3002513
15120;Colonel Pierre Avia;29;48.8296843301,2.27534258685
